behavior,n_true_bouts,n_pred_bouts,tp,fp,fn,bout_precision,bout_recall,bout_f1,mean_matched_iou,record_key,mouse_record,sex_group,version,annotator_a,annotator_b
0,26,26,25,1,1,0.9615384615384616,0.9615384615384616,0.9615384615384616,0.9726730911072553,Female_likely/Mouse060_20160526_18-16-27,Mouse060_20160526_18-16-27,Female_likely,v1,annotator1,annotator2
1,25,25,24,1,1,0.96,0.96,0.96,0.9103139407048119,Female_likely/Mouse060_20160526_18-16-27,Mouse060_20160526_18-16-27,Female_likely,v1,annotator1,annotator2
annotator_multi1,1,0,0,0,1,,0.0,,,Female_likely/Mouse060_20160526_18-16-27,Mouse060_20160526_18-16-27,Female_likely,v1,annotator1,annotator2
annotator_multi2,0,1,0,1,0,0.0,,,,Female_likely/Mouse060_20160526_18-16-27,Mouse060_20160526_18-16-27,Female_likely,v1,annotator1,annotator2
0,26,33,26,7,0,0.7878787878787878,1.0,0.8813559322033898,0.9736085887487569,Female_likely/Mouse060_20160526_18-16-27,Mouse060_20160526_18-16-27,Female_likely,v1,annotator1,annotator3
1,25,32,22,10,3,0.6875,0.88,0.7719298245614036,0.8734604454543967,Female_likely/Mouse060_20160526_18-16-27,Mouse060_20160526_18-16-27,Female_likely,v1,annotator1,annotator3
annotator_multi1,1,0,0,0,1,,0.0,,,Female_likely/Mouse060_20160526_18-16-27,Mouse060_20160526_18-16-27,Female_likely,v1,annotator1,annotator3
annotator_multi3,0,1,0,1,0,0.0,,,,Female_likely/Mouse060_20160526_18-16-27,Mouse060_20160526_18-16-27,Female_likely,v1,annotator1,annotator3
0,26,46,25,21,1,0.5434782608695652,0.9615384615384616,0.6944444444444445,0.9302220561063481,Female_likely/Mouse060_20160526_18-16-27,Mouse060_20160526_18-16-27,Female_likely,v1,annotator1,annotator4
1,25,45,23,22,2,0.5111111111111111,0.92,0.6571428571428571,0.8786865814828184,Female_likely/Mouse060_20160526_18-16-27,Mouse060_20160526_18-16-27,Female_likely,v1,annotator1,annotator4
annotator_multi1,1,0,0,0,1,,0.0,,,Female_likely/Mouse060_20160526_18-16-27,Mouse060_20160526_18-16-27,Female_likely,v1,annotator1,annotator4
annotator_multi4,0,1,0,1,0,0.0,,,,Female_likely/Mouse060_20160526_18-16-27,Mouse060_20160526_18-16-27,Female_likely,v1,annotator1,annotator4
0,26,5,2,3,24,0.4,0.07692307692307693,0.12903225806451613,0.5809152322636087,Female_likely/Mouse060_20160526_18-16-27,Mouse060_20160526_18-16-27,Female_likely,v1,annotator1,annotator5
1,25,4,0,4,25,0.0,0.0,,,Female_likely/Mouse060_20160526_18-16-27,Mouse060_20160526_18-16-27,Female_likely,v1,annotator1,annotator5
annotator_multi1,1,0,0,0,1,,0.0,,,Female_likely/Mouse060_20160526_18-16-27,Mouse060_20160526_18-16-27,Female_likely,v1,annotator1,annotator5
annotator_multi5,0,1,0,1,0,0.0,,,,Female_likely/Mouse060_20160526_18-16-27,Mouse060_20160526_18-16-27,Female_likely,v1,annotator1,annotator5
0,26,30,26,4,0,0.8666666666666667,1.0,0.9285714285714286,0.9482969750904366,Female_likely/Mouse060_20160526_18-16-27,Mouse060_20160526_18-16-27,Female_likely,v1,annotator1,annotator6
1,25,29,25,4,0,0.8620689655172413,1.0,0.9259259259259259,0.9201683586588213,Female_likely/Mouse060_20160526_18-16-27,Mouse060_20160526_18-16-27,Female_likely,v1,annotator1,annotator6
annotator_multi1,1,0,0,0,1,,0.0,,,Female_likely/Mouse060_20160526_18-16-27,Mouse060_20160526_18-16-27,Female_likely,v1,annotator1,annotator6
annotator_multi6,0,1,0,1,0,0.0,,,,Female_likely/Mouse060_20160526_18-16-27,Mouse060_20160526_18-16-27,Female_likely,v1,annotator1,annotator6
0,26,18,17,1,9,0.9444444444444444,0.6538461538461539,0.7727272727272727,0.8960012011173928,Female_likely/Mouse060_20160526_18-16-27,Mouse060_20160526_18-16-27,Female_likely,v1,annotator1,annotator7
1,25,17,16,1,9,0.9411764705882353,0.64,0.7619047619047621,0.9199784676310078,Female_likely/Mouse060_20160526_18-16-27,Mouse060_20160526_18-16-27,Female_likely,v1,annotator1,annotator7
annotator_multi1,1,0,0,0,1,,0.0,,,Female_likely/Mouse060_20160526_18-16-27,Mouse060_20160526_18-16-27,Female_likely,v1,annotator1,annotator7
annotator_multi7,0,1,0,1,0,0.0,,,,Female_likely/Mouse060_20160526_18-16-27,Mouse060_20160526_18-16-27,Female_likely,v1,annotator1,annotator7
0,26,23,22,1,4,0.9565217391304348,0.8461538461538461,0.8979591836734695,0.8785465257492384,Female_likely/Mouse060_20160526_18-16-27,Mouse060_20160526_18-16-27,Female_likely,v1,annotator1,annotator8
1,25,22,18,4,7,0.8181818181818182,0.72,0.7659574468085107,0.7430509661862991,Female_likely/Mouse060_20160526_18-16-27,Mouse060_20160526_18-16-27,Female_likely,v1,annotator1,annotator8
annotator_multi1,1,0,0,0,1,,0.0,,,Female_likely/Mouse060_20160526_18-16-27,Mouse060_20160526_18-16-27,Female_likely,v1,annotator1,annotator8
annotator_multi8,0,1,0,1,0,0.0,,,,Female_likely/Mouse060_20160526_18-16-27,Mouse060_20160526_18-16-27,Female_likely,v1,annotator1,annotator8
0,26,33,26,7,0,0.7878787878787878,1.0,0.8813559322033898,0.9491108045366216,Female_likely/Mouse060_20160526_18-16-27,Mouse060_20160526_18-16-27,Female_likely,v1,annotator2,annotator3
1,25,32,22,10,3,0.6875,0.88,0.7719298245614036,0.8526640449523175,Female_likely/Mouse060_20160526_18-16-27,Mouse060_20160526_18-16-27,Female_likely,v1,annotator2,annotator3
annotator_multi2,1,0,0,0,1,,0.0,,,Female_likely/Mouse060_20160526_18-16-27,Mouse060_20160526_18-16-27,Female_likely,v1,annotator2,annotator3
annotator_multi3,0,1,0,1,0,0.0,,,,Female_likely/Mouse060_20160526_18-16-27,Mouse060_20160526_18-16-27,Female_likely,v1,annotator2,annotator3
0,26,46,25,21,1,0.5434782608695652,0.9615384615384616,0.6944444444444445,0.9202323250280883,Female_likely/Mouse060_20160526_18-16-27,Mouse060_20160526_18-16-27,Female_likely,v1,annotator2,annotator4
1,25,45,24,21,1,0.5333333333333333,0.96,0.6857142857142858,0.870771149824067,Female_likely/Mouse060_20160526_18-16-27,Mouse060_20160526_18-16-27,Female_likely,v1,annotator2,annotator4
annotator_multi2,1,0,0,0,1,,0.0,,,Female_likely/Mouse060_20160526_18-16-27,Mouse060_20160526_18-16-27,Female_likely,v1,annotator2,annotator4
annotator_multi4,0,1,0,1,0,0.0,,,,Female_likely/Mouse060_20160526_18-16-27,Mouse060_20160526_18-16-27,Female_likely,v1,annotator2,annotator4
0,26,5,2,3,24,0.4,0.07692307692307693,0.12903225806451613,0.5779702548414711,Female_likely/Mouse060_20160526_18-16-27,Mouse060_20160526_18-16-27,Female_likely,v1,annotator2,annotator5
1,25,4,0,4,25,0.0,0.0,,,Female_likely/Mouse060_20160526_18-16-27,Mouse060_20160526_18-16-27,Female_likely,v1,annotator2,annotator5
annotator_multi2,1,0,0,0,1,,0.0,,,Female_likely/Mouse060_20160526_18-16-27,Mouse060_20160526_18-16-27,Female_likely,v1,annotator2,annotator5
annotator_multi5,0,1,0,1,0,0.0,,,,Female_likely/Mouse060_20160526_18-16-27,Mouse060_20160526_18-16-27,Female_likely,v1,annotator2,annotator5
0,26,30,25,5,1,0.8333333333333334,0.9615384615384616,0.8928571428571429,0.9312450089400512,Female_likely/Mouse060_20160526_18-16-27,Mouse060_20160526_18-16-27,Female_likely,v1,annotator2,annotator6
1,25,29,23,6,2,0.7931034482758621,0.92,0.851851851851852,0.9005440786664513,Female_likely/Mouse060_20160526_18-16-27,Mouse060_20160526_18-16-27,Female_likely,v1,annotator2,annotator6
annotator_multi2,1,0,0,0,1,,0.0,,,Female_likely/Mouse060_20160526_18-16-27,Mouse060_20160526_18-16-27,Female_likely,v1,annotator2,annotator6
annotator_multi6,0,1,0,1,0,0.0,,,,Female_likely/Mouse060_20160526_18-16-27,Mouse060_20160526_18-16-27,Female_likely,v1,annotator2,annotator6
0,26,18,17,1,9,0.9444444444444444,0.6538461538461539,0.7727272727272727,0.8879086050595454,Female_likely/Mouse060_20160526_18-16-27,Mouse060_20160526_18-16-27,Female_likely,v1,annotator2,annotator7
1,25,17,16,1,9,0.9411764705882353,0.64,0.7619047619047621,0.915698874519639,Female_likely/Mouse060_20160526_18-16-27,Mouse060_20160526_18-16-27,Female_likely,v1,annotator2,annotator7
annotator_multi2,1,0,0,0,1,,0.0,,,Female_likely/Mouse060_20160526_18-16-27,Mouse060_20160526_18-16-27,Female_likely,v1,annotator2,annotator7
annotator_multi7,0,1,0,1,0,0.0,,,,Female_likely/Mouse060_20160526_18-16-27,Mouse060_20160526_18-16-27,Female_likely,v1,annotator2,annotator7
0,26,23,22,1,4,0.9565217391304348,0.8461538461538461,0.8979591836734695,0.8746725420549168,Female_likely/Mouse060_20160526_18-16-27,Mouse060_20160526_18-16-27,Female_likely,v1,annotator2,annotator8
1,25,22,17,5,8,0.7727272727272727,0.68,0.7234042553191491,0.7505425164175544,Female_likely/Mouse060_20160526_18-16-27,Mouse060_20160526_18-16-27,Female_likely,v1,annotator2,annotator8
annotator_multi2,1,0,0,0,1,,0.0,,,Female_likely/Mouse060_20160526_18-16-27,Mouse060_20160526_18-16-27,Female_likely,v1,annotator2,annotator8
annotator_multi8,0,1,0,1,0,0.0,,,,Female_likely/Mouse060_20160526_18-16-27,Mouse060_20160526_18-16-27,Female_likely,v1,annotator2,annotator8
0,33,46,26,20,7,0.5652173913043478,0.7878787878787878,0.6582278481012658,0.9228403060570016,Female_likely/Mouse060_20160526_18-16-27,Mouse060_20160526_18-16-27,Female_likely,v1,annotator3,annotator4
1,32,45,24,21,8,0.5333333333333333,0.75,0.6233766233766235,0.8540122577104513,Female_likely/Mouse060_20160526_18-16-27,Mouse060_20160526_18-16-27,Female_likely,v1,annotator3,annotator4
annotator_multi3,1,0,0,0,1,,0.0,,,Female_likely/Mouse060_20160526_18-16-27,Mouse060_20160526_18-16-27,Female_likely,v1,annotator3,annotator4
annotator_multi4,0,1,0,1,0,0.0,,,,Female_likely/Mouse060_20160526_18-16-27,Mouse060_20160526_18-16-27,Female_likely,v1,annotator3,annotator4
0,33,5,2,3,31,0.4,0.06060606060606061,0.10526315789473685,0.5789778465892941,Female_likely/Mouse060_20160526_18-16-27,Mouse060_20160526_18-16-27,Female_likely,v1,annotator3,annotator5
1,32,4,1,3,31,0.25,0.03125,0.05555555555555555,0.6666666666666666,Female_likely/Mouse060_20160526_18-16-27,Mouse060_20160526_18-16-27,Female_likely,v1,annotator3,annotator5
annotator_multi3,1,0,0,0,1,,0.0,,,Female_likely/Mouse060_20160526_18-16-27,Mouse060_20160526_18-16-27,Female_likely,v1,annotator3,annotator5
annotator_multi5,0,1,0,1,0,0.0,,,,Female_likely/Mouse060_20160526_18-16-27,Mouse060_20160526_18-16-27,Female_likely,v1,annotator3,annotator5
0,33,30,26,4,7,0.8666666666666667,0.7878787878787878,0.8253968253968254,0.935825027225785,Female_likely/Mouse060_20160526_18-16-27,Mouse060_20160526_18-16-27,Female_likely,v1,annotator3,annotator6
1,32,29,21,8,11,0.7241379310344828,0.65625,0.6885245901639345,0.8472079577030242,Female_likely/Mouse060_20160526_18-16-27,Mouse060_20160526_18-16-27,Female_likely,v1,annotator3,annotator6
annotator_multi3,1,0,0,0,1,,0.0,,,Female_likely/Mouse060_20160526_18-16-27,Mouse060_20160526_18-16-27,Female_likely,v1,annotator3,annotator6
annotator_multi6,0,1,0,1,0,0.0,,,,Female_likely/Mouse060_20160526_18-16-27,Mouse060_20160526_18-16-27,Female_likely,v1,annotator3,annotator6
0,33,18,17,1,16,0.9444444444444444,0.5151515151515151,0.6666666666666666,0.8999309215816753,Female_likely/Mouse060_20160526_18-16-27,Mouse060_20160526_18-16-27,Female_likely,v1,annotator3,annotator7
1,32,17,16,1,16,0.9411764705882353,0.5,0.6530612244897959,0.9197436297154112,Female_likely/Mouse060_20160526_18-16-27,Mouse060_20160526_18-16-27,Female_likely,v1,annotator3,annotator7
annotator_multi3,1,0,0,0,1,,0.0,,,Female_likely/Mouse060_20160526_18-16-27,Mouse060_20160526_18-16-27,Female_likely,v1,annotator3,annotator7
annotator_multi7,0,1,0,1,0,0.0,,,,Female_likely/Mouse060_20160526_18-16-27,Mouse060_20160526_18-16-27,Female_likely,v1,annotator3,annotator7
0,33,23,22,1,11,0.9565217391304348,0.6666666666666666,0.7857142857142856,0.8721468121863161,Female_likely/Mouse060_20160526_18-16-27,Mouse060_20160526_18-16-27,Female_likely,v1,annotator3,annotator8
1,32,22,17,5,15,0.7727272727272727,0.53125,0.6296296296296297,0.7289628684590134,Female_likely/Mouse060_20160526_18-16-27,Mouse060_20160526_18-16-27,Female_likely,v1,annotator3,annotator8
annotator_multi3,1,0,0,0,1,,0.0,,,Female_likely/Mouse060_20160526_18-16-27,Mouse060_20160526_18-16-27,Female_likely,v1,annotator3,annotator8
annotator_multi8,0,1,0,1,0,0.0,,,,Female_likely/Mouse060_20160526_18-16-27,Mouse060_20160526_18-16-27,Female_likely,v1,annotator3,annotator8
0,46,5,2,3,44,0.4,0.043478260869565216,0.0784313725490196,0.5305935121565282,Female_likely/Mouse060_20160526_18-16-27,Mouse060_20160526_18-16-27,Female_likely,v1,annotator4,annotator5
1,45,4,0,4,45,0.0,0.0,,,Female_likely/Mouse060_20160526_18-16-27,Mouse060_20160526_18-16-27,Female_likely,v1,annotator4,annotator5
annotator_multi4,1,0,0,0,1,,0.0,,,Female_likely/Mouse060_20160526_18-16-27,Mouse060_20160526_18-16-27,Female_likely,v1,annotator4,annotator5
annotator_multi5,0,1,0,1,0,0.0,,,,Female_likely/Mouse060_20160526_18-16-27,Mouse060_20160526_18-16-27,Female_likely,v1,annotator4,annotator5
0,46,30,28,2,18,0.9333333333333333,0.6086956521739131,0.7368421052631579,0.9296653849036345,Female_likely/Mouse060_20160526_18-16-27,Mouse060_20160526_18-16-27,Female_likely,v1,annotator4,annotator6
1,45,29,24,5,21,0.8275862068965517,0.5333333333333333,0.6486486486486487,0.8736305189039522,Female_likely/Mouse060_20160526_18-16-27,Mouse060_20160526_18-16-27,Female_likely,v1,annotator4,annotator6
annotator_multi4,1,0,0,0,1,,0.0,,,Female_likely/Mouse060_20160526_18-16-27,Mouse060_20160526_18-16-27,Female_likely,v1,annotator4,annotator6
annotator_multi6,0,1,0,1,0,0.0,,,,Female_likely/Mouse060_20160526_18-16-27,Mouse060_20160526_18-16-27,Female_likely,v1,annotator4,annotator6
0,46,18,15,3,31,0.8333333333333334,0.32608695652173914,0.46875000000000006,0.8490538110127849,Female_likely/Mouse060_20160526_18-16-27,Mouse060_20160526_18-16-27,Female_likely,v1,annotator4,annotator7
1,45,17,16,1,29,0.9411764705882353,0.35555555555555557,0.5161290322580645,0.9120175898686429,Female_likely/Mouse060_20160526_18-16-27,Mouse060_20160526_18-16-27,Female_likely,v1,annotator4,annotator7
annotator_multi4,1,0,0,0,1,,0.0,,,Female_likely/Mouse060_20160526_18-16-27,Mouse060_20160526_18-16-27,Female_likely,v1,annotator4,annotator7
annotator_multi7,0,1,0,1,0,0.0,,,,Female_likely/Mouse060_20160526_18-16-27,Mouse060_20160526_18-16-27,Female_likely,v1,annotator4,annotator7
0,46,23,21,2,25,0.9130434782608695,0.45652173913043476,0.608695652173913,0.8127375003843058,Female_likely/Mouse060_20160526_18-16-27,Mouse060_20160526_18-16-27,Female_likely,v1,annotator4,annotator8
1,45,22,17,5,28,0.7727272727272727,0.37777777777777777,0.5074626865671642,0.7349985970568285,Female_likely/Mouse060_20160526_18-16-27,Mouse060_20160526_18-16-27,Female_likely,v1,annotator4,annotator8
annotator_multi4,1,0,0,0,1,,0.0,,,Female_likely/Mouse060_20160526_18-16-27,Mouse060_20160526_18-16-27,Female_likely,v1,annotator4,annotator8
annotator_multi8,0,1,0,1,0,0.0,,,,Female_likely/Mouse060_20160526_18-16-27,Mouse060_20160526_18-16-27,Female_likely,v1,annotator4,annotator8
0,5,30,2,28,3,0.06666666666666667,0.4,0.1142857142857143,0.528417716020908,Female_likely/Mouse060_20160526_18-16-27,Mouse060_20160526_18-16-27,Female_likely,v1,annotator5,annotator6
1,4,29,0,29,4,0.0,0.0,,,Female_likely/Mouse060_20160526_18-16-27,Mouse060_20160526_18-16-27,Female_likely,v1,annotator5,annotator6
annotator_multi5,1,0,0,0,1,,0.0,,,Female_likely/Mouse060_20160526_18-16-27,Mouse060_20160526_18-16-27,Female_likely,v1,annotator5,annotator6
annotator_multi6,0,1,0,1,0,0.0,,,,Female_likely/Mouse060_20160526_18-16-27,Mouse060_20160526_18-16-27,Female_likely,v1,annotator5,annotator6
0,5,18,3,15,2,0.16666666666666666,0.6,0.2608695652173913,0.555218773240763,Female_likely/Mouse060_20160526_18-16-27,Mouse060_20160526_18-16-27,Female_likely,v1,annotator5,annotator7
1,4,17,0,17,4,0.0,0.0,,,Female_likely/Mouse060_20160526_18-16-27,Mouse060_20160526_18-16-27,Female_likely,v1,annotator5,annotator7
annotator_multi5,1,0,0,0,1,,0.0,,,Female_likely/Mouse060_20160526_18-16-27,Mouse060_20160526_18-16-27,Female_likely,v1,annotator5,annotator7
annotator_multi7,0,1,0,1,0,0.0,,,,Female_likely/Mouse060_20160526_18-16-27,Mouse060_20160526_18-16-27,Female_likely,v1,annotator5,annotator7
0,5,23,2,21,3,0.08695652173913043,0.4,0.14285714285714285,0.5821323695566953,Female_likely/Mouse060_20160526_18-16-27,Mouse060_20160526_18-16-27,Female_likely,v1,annotator5,annotator8
1,4,22,0,22,4,0.0,0.0,,,Female_likely/Mouse060_20160526_18-16-27,Mouse060_20160526_18-16-27,Female_likely,v1,annotator5,annotator8
annotator_multi5,1,0,0,0,1,,0.0,,,Female_likely/Mouse060_20160526_18-16-27,Mouse060_20160526_18-16-27,Female_likely,v1,annotator5,annotator8
annotator_multi8,0,1,0,1,0,0.0,,,,Female_likely/Mouse060_20160526_18-16-27,Mouse060_20160526_18-16-27,Female_likely,v1,annotator5,annotator8
0,30,18,17,1,13,0.9444444444444444,0.5666666666666667,0.7083333333333334,0.8542456789156114,Female_likely/Mouse060_20160526_18-16-27,Mouse060_20160526_18-16-27,Female_likely,v1,annotator6,annotator7
1,29,17,16,1,13,0.9411764705882353,0.5517241379310345,0.6956521739130435,0.901032757167084,Female_likely/Mouse060_20160526_18-16-27,Mouse060_20160526_18-16-27,Female_likely,v1,annotator6,annotator7
annotator_multi6,1,0,0,0,1,,0.0,,,Female_likely/Mouse060_20160526_18-16-27,Mouse060_20160526_18-16-27,Female_likely,v1,annotator6,annotator7
annotator_multi7,0,1,0,1,0,0.0,,,,Female_likely/Mouse060_20160526_18-16-27,Mouse060_20160526_18-16-27,Female_likely,v1,annotator6,annotator7
0,30,23,22,1,8,0.9565217391304348,0.7333333333333333,0.8301886792452831,0.8560037272424291,Female_likely/Mouse060_20160526_18-16-27,Mouse060_20160526_18-16-27,Female_likely,v1,annotator6,annotator8
1,29,22,18,4,11,0.8181818181818182,0.6206896551724138,0.7058823529411765,0.7626661207656874,Female_likely/Mouse060_20160526_18-16-27,Mouse060_20160526_18-16-27,Female_likely,v1,annotator6,annotator8
annotator_multi6,1,0,0,0,1,,0.0,,,Female_likely/Mouse060_20160526_18-16-27,Mouse060_20160526_18-16-27,Female_likely,v1,annotator6,annotator8
annotator_multi8,0,1,0,1,0,0.0,,,,Female_likely/Mouse060_20160526_18-16-27,Mouse060_20160526_18-16-27,Female_likely,v1,annotator6,annotator8
0,18,23,18,5,0,0.782608695652174,1.0,0.878048780487805,0.8503254091053732,Female_likely/Mouse060_20160526_18-16-27,Mouse060_20160526_18-16-27,Female_likely,v1,annotator7,annotator8
1,17,22,14,8,3,0.6363636363636364,0.8235294117647058,0.717948717948718,0.7722072299375358,Female_likely/Mouse060_20160526_18-16-27,Mouse060_20160526_18-16-27,Female_likely,v1,annotator7,annotator8
annotator_multi7,1,0,0,0,1,,0.0,,,Female_likely/Mouse060_20160526_18-16-27,Mouse060_20160526_18-16-27,Female_likely,v1,annotator7,annotator8
annotator_multi8,0,1,0,1,0,0.0,,,,Female_likely/Mouse060_20160526_18-16-27,Mouse060_20160526_18-16-27,Female_likely,v1,annotator7,annotator8
0,26,31,25,6,1,0.8064516129032258,0.9615384615384616,0.8771929824561403,0.9421990827471676,Female_likely/Mouse060_20160526_18-16-27,Mouse060_20160526_18-16-27,Female_likely,v2,annotator1,annotator2
1,25,30,25,5,0,0.8333333333333334,1.0,0.9090909090909091,0.8908984598356581,Female_likely/Mouse060_20160526_18-16-27,Mouse060_20160526_18-16-27,Female_likely,v2,annotator1,annotator2
annotator_multi1,1,0,0,0,1,,0.0,,,Female_likely/Mouse060_20160526_18-16-27,Mouse060_20160526_18-16-27,Female_likely,v2,annotator1,annotator2
annotator_multi2,0,1,0,1,0,0.0,,,,Female_likely/Mouse060_20160526_18-16-27,Mouse060_20160526_18-16-27,Female_likely,v2,annotator1,annotator2
0,26,30,26,4,0,0.8666666666666667,1.0,0.9285714285714286,0.977882529671183,Female_likely/Mouse060_20160526_18-16-27,Mouse060_20160526_18-16-27,Female_likely,v2,annotator1,annotator3
1,25,29,22,7,3,0.7586206896551724,0.88,0.8148148148148148,0.8909456699788884,Female_likely/Mouse060_20160526_18-16-27,Mouse060_20160526_18-16-27,Female_likely,v2,annotator1,annotator3
annotator_multi1,1,0,0,0,1,,0.0,,,Female_likely/Mouse060_20160526_18-16-27,Mouse060_20160526_18-16-27,Female_likely,v2,annotator1,annotator3
annotator_multi3,0,1,0,1,0,0.0,,,,Female_likely/Mouse060_20160526_18-16-27,Mouse060_20160526_18-16-27,Female_likely,v2,annotator1,annotator3
0,26,29,24,5,2,0.8275862068965517,0.9230769230769231,0.8727272727272727,0.9529296956175566,Female_likely/Mouse060_20160526_18-16-27,Mouse060_20160526_18-16-27,Female_likely,v2,annotator1,annotator4
1,25,28,21,7,4,0.75,0.84,0.7924528301886793,0.9175706999104711,Female_likely/Mouse060_20160526_18-16-27,Mouse060_20160526_18-16-27,Female_likely,v2,annotator1,annotator4
annotator_multi1,1,0,0,0,1,,0.0,,,Female_likely/Mouse060_20160526_18-16-27,Mouse060_20160526_18-16-27,Female_likely,v2,annotator1,annotator4
annotator_multi4,0,1,0,1,0,0.0,,,,Female_likely/Mouse060_20160526_18-16-27,Mouse060_20160526_18-16-27,Female_likely,v2,annotator1,annotator4
0,26,27,25,2,1,0.9259259259259259,0.9615384615384616,0.9433962264150944,0.9547171302349092,Female_likely/Mouse060_20160526_18-16-27,Mouse060_20160526_18-16-27,Female_likely,v2,annotator1,annotator5
1,25,26,24,2,1,0.9230769230769231,0.96,0.9411764705882353,0.9253311589146515,Female_likely/Mouse060_20160526_18-16-27,Mouse060_20160526_18-16-27,Female_likely,v2,annotator1,annotator5
annotator_multi1,1,0,0,0,1,,0.0,,,Female_likely/Mouse060_20160526_18-16-27,Mouse060_20160526_18-16-27,Female_likely,v2,annotator1,annotator5
annotator_multi5,0,1,0,1,0,0.0,,,,Female_likely/Mouse060_20160526_18-16-27,Mouse060_20160526_18-16-27,Female_likely,v2,annotator1,annotator5
0,26,25,23,2,3,0.92,0.8846153846153846,0.9019607843137256,0.9556151723868446,Female_likely/Mouse060_20160526_18-16-27,Mouse060_20160526_18-16-27,Female_likely,v2,annotator1,annotator6
1,25,24,23,1,2,0.9583333333333334,0.92,0.9387755102040817,0.8637835914485111,Female_likely/Mouse060_20160526_18-16-27,Mouse060_20160526_18-16-27,Female_likely,v2,annotator1,annotator6
annotator_multi1,1,0,0,0,1,,0.0,,,Female_likely/Mouse060_20160526_18-16-27,Mouse060_20160526_18-16-27,Female_likely,v2,annotator1,annotator6
annotator_multi6,0,1,0,1,0,0.0,,,,Female_likely/Mouse060_20160526_18-16-27,Mouse060_20160526_18-16-27,Female_likely,v2,annotator1,annotator6
0,26,24,24,0,2,1.0,0.9230769230769231,0.9600000000000001,0.959582677397551,Female_likely/Mouse060_20160526_18-16-27,Mouse060_20160526_18-16-27,Female_likely,v2,annotator1,annotator7
1,25,23,22,1,3,0.9565217391304348,0.88,0.9166666666666666,0.9267163750258635,Female_likely/Mouse060_20160526_18-16-27,Mouse060_20160526_18-16-27,Female_likely,v2,annotator1,annotator7
annotator_multi1,1,0,0,0,1,,0.0,,,Female_likely/Mouse060_20160526_18-16-27,Mouse060_20160526_18-16-27,Female_likely,v2,annotator1,annotator7
annotator_multi7,0,1,0,1,0,0.0,,,,Female_likely/Mouse060_20160526_18-16-27,Mouse060_20160526_18-16-27,Female_likely,v2,annotator1,annotator7
0,26,24,23,1,3,0.9583333333333334,0.8846153846153846,0.9199999999999999,0.9021445360617725,Female_likely/Mouse060_20160526_18-16-27,Mouse060_20160526_18-16-27,Female_likely,v2,annotator1,annotator8
1,25,23,20,3,5,0.8695652173913043,0.8,0.8333333333333333,0.8392222733200887,Female_likely/Mouse060_20160526_18-16-27,Mouse060_20160526_18-16-27,Female_likely,v2,annotator1,annotator8
annotator_multi1,1,0,0,0,1,,0.0,,,Female_likely/Mouse060_20160526_18-16-27,Mouse060_20160526_18-16-27,Female_likely,v2,annotator1,annotator8
annotator_multi8,0,1,0,1,0,0.0,,,,Female_likely/Mouse060_20160526_18-16-27,Mouse060_20160526_18-16-27,Female_likely,v2,annotator1,annotator8
0,31,30,25,5,6,0.8333333333333334,0.8064516129032258,0.819672131147541,0.9283837386900204,Female_likely/Mouse060_20160526_18-16-27,Mouse060_20160526_18-16-27,Female_likely,v2,annotator2,annotator3
1,30,29,21,8,9,0.7241379310344828,0.7,0.711864406779661,0.8393214575860368,Female_likely/Mouse060_20160526_18-16-27,Mouse060_20160526_18-16-27,Female_likely,v2,annotator2,annotator3
annotator_multi2,1,0,0,0,1,,0.0,,,Female_likely/Mouse060_20160526_18-16-27,Mouse060_20160526_18-16-27,Female_likely,v2,annotator2,annotator3
annotator_multi3,0,1,0,1,0,0.0,,,,Female_likely/Mouse060_20160526_18-16-27,Mouse060_20160526_18-16-27,Female_likely,v2,annotator2,annotator3
0,31,29,25,4,6,0.8620689655172413,0.8064516129032258,0.8333333333333334,0.9136476643259428,Female_likely/Mouse060_20160526_18-16-27,Mouse060_20160526_18-16-27,Female_likely,v2,annotator2,annotator4
1,30,28,23,5,7,0.8214285714285714,0.7666666666666667,0.793103448275862,0.834004341918102,Female_likely/Mouse060_20160526_18-16-27,Mouse060_20160526_18-16-27,Female_likely,v2,annotator2,annotator4
annotator_multi2,1,0,0,0,1,,0.0,,,Female_likely/Mouse060_20160526_18-16-27,Mouse060_20160526_18-16-27,Female_likely,v2,annotator2,annotator4
annotator_multi4,0,1,0,1,0,0.0,,,,Female_likely/Mouse060_20160526_18-16-27,Mouse060_20160526_18-16-27,Female_likely,v2,annotator2,annotator4
0,31,27,26,1,5,0.9629629629629629,0.8387096774193549,0.896551724137931,0.925882956841871,Female_likely/Mouse060_20160526_18-16-27,Mouse060_20160526_18-16-27,Female_likely,v2,annotator2,annotator5
1,30,26,26,0,4,1.0,0.8666666666666667,0.9285714285714286,0.8445197164355119,Female_likely/Mouse060_20160526_18-16-27,Mouse060_20160526_18-16-27,Female_likely,v2,annotator2,annotator5
annotator_multi2,1,0,0,0,1,,0.0,,,Female_likely/Mouse060_20160526_18-16-27,Mouse060_20160526_18-16-27,Female_likely,v2,annotator2,annotator5
annotator_multi5,0,1,0,1,0,0.0,,,,Female_likely/Mouse060_20160526_18-16-27,Mouse060_20160526_18-16-27,Female_likely,v2,annotator2,annotator5
0,31,25,23,2,8,0.92,0.7419354838709677,0.8214285714285714,0.9175744989869763,Female_likely/Mouse060_20160526_18-16-27,Mouse060_20160526_18-16-27,Female_likely,v2,annotator2,annotator6
1,30,24,22,2,8,0.9166666666666666,0.7333333333333333,0.8148148148148148,0.8178055538848443,Female_likely/Mouse060_20160526_18-16-27,Mouse060_20160526_18-16-27,Female_likely,v2,annotator2,annotator6
annotator_multi2,1,0,0,0,1,,0.0,,,Female_likely/Mouse060_20160526_18-16-27,Mouse060_20160526_18-16-27,Female_likely,v2,annotator2,annotator6
annotator_multi6,0,1,0,1,0,0.0,,,,Female_likely/Mouse060_20160526_18-16-27,Mouse060_20160526_18-16-27,Female_likely,v2,annotator2,annotator6
0,31,24,23,1,8,0.9583333333333334,0.7419354838709677,0.8363636363636364,0.9062019395481097,Female_likely/Mouse060_20160526_18-16-27,Mouse060_20160526_18-16-27,Female_likely,v2,annotator2,annotator7
1,30,23,22,1,8,0.9565217391304348,0.7333333333333333,0.8301886792452831,0.8584954520005996,Female_likely/Mouse060_20160526_18-16-27,Mouse060_20160526_18-16-27,Female_likely,v2,annotator2,annotator7
annotator_multi2,1,0,0,0,1,,0.0,,,Female_likely/Mouse060_20160526_18-16-27,Mouse060_20160526_18-16-27,Female_likely,v2,annotator2,annotator7
annotator_multi7,0,1,0,1,0,0.0,,,,Female_likely/Mouse060_20160526_18-16-27,Mouse060_20160526_18-16-27,Female_likely,v2,annotator2,annotator7
0,31,24,23,1,8,0.9583333333333334,0.7419354838709677,0.8363636363636364,0.8845805178640961,Female_likely/Mouse060_20160526_18-16-27,Mouse060_20160526_18-16-27,Female_likely,v2,annotator2,annotator8
1,30,23,21,2,9,0.9130434782608695,0.7,0.7924528301886793,0.7904925927182763,Female_likely/Mouse060_20160526_18-16-27,Mouse060_20160526_18-16-27,Female_likely,v2,annotator2,annotator8
annotator_multi2,1,0,0,0,1,,0.0,,,Female_likely/Mouse060_20160526_18-16-27,Mouse060_20160526_18-16-27,Female_likely,v2,annotator2,annotator8
annotator_multi8,0,1,0,1,0,0.0,,,,Female_likely/Mouse060_20160526_18-16-27,Mouse060_20160526_18-16-27,Female_likely,v2,annotator2,annotator8
0,30,29,25,4,5,0.8620689655172413,0.8333333333333334,0.847457627118644,0.9404619399500795,Female_likely/Mouse060_20160526_18-16-27,Mouse060_20160526_18-16-27,Female_likely,v2,annotator3,annotator4
1,29,28,23,5,6,0.8214285714285714,0.7931034482758621,0.8070175438596492,0.885532149792219,Female_likely/Mouse060_20160526_18-16-27,Mouse060_20160526_18-16-27,Female_likely,v2,annotator3,annotator4
annotator_multi3,1,0,0,0,1,,0.0,,,Female_likely/Mouse060_20160526_18-16-27,Mouse060_20160526_18-16-27,Female_likely,v2,annotator3,annotator4
annotator_multi4,0,1,0,1,0,0.0,,,,Female_likely/Mouse060_20160526_18-16-27,Mouse060_20160526_18-16-27,Female_likely,v2,annotator3,annotator4
0,30,27,25,2,5,0.9259259259259259,0.8333333333333334,0.8771929824561403,0.9551546935553504,Female_likely/Mouse060_20160526_18-16-27,Mouse060_20160526_18-16-27,Female_likely,v2,annotator3,annotator5
1,29,26,22,4,7,0.8461538461538461,0.7586206896551724,0.8,0.9134716190540373,Female_likely/Mouse060_20160526_18-16-27,Mouse060_20160526_18-16-27,Female_likely,v2,annotator3,annotator5
annotator_multi3,1,0,0,0,1,,0.0,,,Female_likely/Mouse060_20160526_18-16-27,Mouse060_20160526_18-16-27,Female_likely,v2,annotator3,annotator5
annotator_multi5,0,1,0,1,0,0.0,,,,Female_likely/Mouse060_20160526_18-16-27,Mouse060_20160526_18-16-27,Female_likely,v2,annotator3,annotator5
0,30,25,23,2,7,0.92,0.7666666666666667,0.8363636363636363,0.961287805306342,Female_likely/Mouse060_20160526_18-16-27,Mouse060_20160526_18-16-27,Female_likely,v2,annotator3,annotator6
1,29,24,21,3,8,0.875,0.7241379310344828,0.7924528301886793,0.8877749309585289,Female_likely/Mouse060_20160526_18-16-27,Mouse060_20160526_18-16-27,Female_likely,v2,annotator3,annotator6
annotator_multi3,1,0,0,0,1,,0.0,,,Female_likely/Mouse060_20160526_18-16-27,Mouse060_20160526_18-16-27,Female_likely,v2,annotator3,annotator6
annotator_multi6,0,1,0,1,0,0.0,,,,Female_likely/Mouse060_20160526_18-16-27,Mouse060_20160526_18-16-27,Female_likely,v2,annotator3,annotator6
0,30,24,24,0,6,1.0,0.8,0.888888888888889,0.9604256224434629,Female_likely/Mouse060_20160526_18-16-27,Mouse060_20160526_18-16-27,Female_likely,v2,annotator3,annotator7
1,29,23,21,2,8,0.9130434782608695,0.7241379310344828,0.8076923076923076,0.9185745067898103,Female_likely/Mouse060_20160526_18-16-27,Mouse060_20160526_18-16-27,Female_likely,v2,annotator3,annotator7
annotator_multi3,1,0,0,0,1,,0.0,,,Female_likely/Mouse060_20160526_18-16-27,Mouse060_20160526_18-16-27,Female_likely,v2,annotator3,annotator7
annotator_multi7,0,1,0,1,0,0.0,,,,Female_likely/Mouse060_20160526_18-16-27,Mouse060_20160526_18-16-27,Female_likely,v2,annotator3,annotator7
0,30,24,23,1,7,0.9583333333333334,0.7666666666666667,0.8518518518518519,0.9150994354785018,Female_likely/Mouse060_20160526_18-16-27,Mouse060_20160526_18-16-27,Female_likely,v2,annotator3,annotator8
1,29,23,19,4,10,0.8260869565217391,0.6551724137931034,0.7307692307692308,0.8339809156150628,Female_likely/Mouse060_20160526_18-16-27,Mouse060_20160526_18-16-27,Female_likely,v2,annotator3,annotator8
annotator_multi3,1,0,0,0,1,,0.0,,,Female_likely/Mouse060_20160526_18-16-27,Mouse060_20160526_18-16-27,Female_likely,v2,annotator3,annotator8
annotator_multi8,0,1,0,1,0,0.0,,,,Female_likely/Mouse060_20160526_18-16-27,Mouse060_20160526_18-16-27,Female_likely,v2,annotator3,annotator8
0,29,27,25,2,4,0.9259259259259259,0.8620689655172413,0.8928571428571429,0.9522005728206482,Female_likely/Mouse060_20160526_18-16-27,Mouse060_20160526_18-16-27,Female_likely,v2,annotator4,annotator5
1,28,26,22,4,6,0.8461538461538461,0.7857142857142857,0.8148148148148148,0.9044245000641673,Female_likely/Mouse060_20160526_18-16-27,Mouse060_20160526_18-16-27,Female_likely,v2,annotator4,annotator5
annotator_multi4,1,0,0,0,1,,0.0,,,Female_likely/Mouse060_20160526_18-16-27,Mouse060_20160526_18-16-27,Female_likely,v2,annotator4,annotator5
annotator_multi5,0,1,0,1,0,0.0,,,,Female_likely/Mouse060_20160526_18-16-27,Mouse060_20160526_18-16-27,Female_likely,v2,annotator4,annotator5
0,29,25,24,1,5,0.96,0.8275862068965517,0.888888888888889,0.9378514712857612,Female_likely/Mouse060_20160526_18-16-27,Mouse060_20160526_18-16-27,Female_likely,v2,annotator4,annotator6
1,28,24,21,3,7,0.875,0.75,0.8076923076923077,0.8774262460264158,Female_likely/Mouse060_20160526_18-16-27,Mouse060_20160526_18-16-27,Female_likely,v2,annotator4,annotator6
annotator_multi4,1,0,0,0,1,,0.0,,,Female_likely/Mouse060_20160526_18-16-27,Mouse060_20160526_18-16-27,Female_likely,v2,annotator4,annotator6
annotator_multi6,0,1,0,1,0,0.0,,,,Female_likely/Mouse060_20160526_18-16-27,Mouse060_20160526_18-16-27,Female_likely,v2,annotator4,annotator6
0,29,24,24,0,5,1.0,0.8275862068965517,0.9056603773584906,0.9614869699718609,Female_likely/Mouse060_20160526_18-16-27,Mouse060_20160526_18-16-27,Female_likely,v2,annotator4,annotator7
1,28,23,21,2,7,0.9130434782608695,0.75,0.8235294117647057,0.8974765702574666,Female_likely/Mouse060_20160526_18-16-27,Mouse060_20160526_18-16-27,Female_likely,v2,annotator4,annotator7
annotator_multi4,1,0,0,0,1,,0.0,,,Female_likely/Mouse060_20160526_18-16-27,Mouse060_20160526_18-16-27,Female_likely,v2,annotator4,annotator7
annotator_multi7,0,1,0,1,0,0.0,,,,Female_likely/Mouse060_20160526_18-16-27,Mouse060_20160526_18-16-27,Female_likely,v2,annotator4,annotator7
0,29,24,24,0,5,1.0,0.8275862068965517,0.9056603773584906,0.9188661930778087,Female_likely/Mouse060_20160526_18-16-27,Mouse060_20160526_18-16-27,Female_likely,v2,annotator4,annotator8
1,28,23,20,3,8,0.8695652173913043,0.7142857142857143,0.7843137254901961,0.8124881152132456,Female_likely/Mouse060_20160526_18-16-27,Mouse060_20160526_18-16-27,Female_likely,v2,annotator4,annotator8
annotator_multi4,1,0,0,0,1,,0.0,,,Female_likely/Mouse060_20160526_18-16-27,Mouse060_20160526_18-16-27,Female_likely,v2,annotator4,annotator8
annotator_multi8,0,1,0,1,0,0.0,,,,Female_likely/Mouse060_20160526_18-16-27,Mouse060_20160526_18-16-27,Female_likely,v2,annotator4,annotator8
0,27,25,25,0,2,1.0,0.9259259259259259,0.9615384615384615,0.9440718645678,Female_likely/Mouse060_20160526_18-16-27,Mouse060_20160526_18-16-27,Female_likely,v2,annotator5,annotator6
1,26,24,23,1,3,0.9583333333333334,0.8846153846153846,0.9199999999999999,0.8754448772114375,Female_likely/Mouse060_20160526_18-16-27,Mouse060_20160526_18-16-27,Female_likely,v2,annotator5,annotator6
annotator_multi5,1,0,0,0,1,,0.0,,,Female_likely/Mouse060_20160526_18-16-27,Mouse060_20160526_18-16-27,Female_likely,v2,annotator5,annotator6
annotator_multi6,0,1,0,1,0,0.0,,,,Female_likely/Mouse060_20160526_18-16-27,Mouse060_20160526_18-16-27,Female_likely,v2,annotator5,annotator6
0,27,24,24,0,3,1.0,0.8888888888888888,0.9411764705882353,0.9528520313881114,Female_likely/Mouse060_20160526_18-16-27,Mouse060_20160526_18-16-27,Female_likely,v2,annotator5,annotator7
1,26,23,22,1,4,0.9565217391304348,0.8461538461538461,0.8979591836734695,0.9330469843466431,Female_likely/Mouse060_20160526_18-16-27,Mouse060_20160526_18-16-27,Female_likely,v2,annotator5,annotator7
annotator_multi5,1,0,0,0,1,,0.0,,,Female_likely/Mouse060_20160526_18-16-27,Mouse060_20160526_18-16-27,Female_likely,v2,annotator5,annotator7
annotator_multi7,0,1,0,1,0,0.0,,,,Female_likely/Mouse060_20160526_18-16-27,Mouse060_20160526_18-16-27,Female_likely,v2,annotator5,annotator7
0,27,24,24,0,3,1.0,0.8888888888888888,0.9411764705882353,0.9275612240471826,Female_likely/Mouse060_20160526_18-16-27,Mouse060_20160526_18-16-27,Female_likely,v2,annotator5,annotator8
1,26,23,22,1,4,0.9565217391304348,0.8461538461538461,0.8979591836734695,0.8250318385215255,Female_likely/Mouse060_20160526_18-16-27,Mouse060_20160526_18-16-27,Female_likely,v2,annotator5,annotator8
annotator_multi5,1,0,0,0,1,,0.0,,,Female_likely/Mouse060_20160526_18-16-27,Mouse060_20160526_18-16-27,Female_likely,v2,annotator5,annotator8
annotator_multi8,0,1,0,1,0,0.0,,,,Female_likely/Mouse060_20160526_18-16-27,Mouse060_20160526_18-16-27,Female_likely,v2,annotator5,annotator8
0,25,24,23,1,2,0.9583333333333334,0.92,0.9387755102040817,0.9363162149353698,Female_likely/Mouse060_20160526_18-16-27,Mouse060_20160526_18-16-27,Female_likely,v2,annotator6,annotator7
1,24,23,22,1,2,0.9565217391304348,0.9166666666666666,0.9361702127659574,0.9077689274353961,Female_likely/Mouse060_20160526_18-16-27,Mouse060_20160526_18-16-27,Female_likely,v2,annotator6,annotator7
annotator_multi6,1,0,0,0,1,,0.0,,,Female_likely/Mouse060_20160526_18-16-27,Mouse060_20160526_18-16-27,Female_likely,v2,annotator6,annotator7
annotator_multi7,0,1,0,1,0,0.0,,,,Female_likely/Mouse060_20160526_18-16-27,Mouse060_20160526_18-16-27,Female_likely,v2,annotator6,annotator7
0,25,24,23,1,2,0.9583333333333334,0.92,0.9387755102040817,0.8996419564110354,Female_likely/Mouse060_20160526_18-16-27,Mouse060_20160526_18-16-27,Female_likely,v2,annotator6,annotator8
1,24,23,19,4,5,0.8260869565217391,0.7916666666666666,0.8085106382978724,0.8374249976625746,Female_likely/Mouse060_20160526_18-16-27,Mouse060_20160526_18-16-27,Female_likely,v2,annotator6,annotator8
annotator_multi6,1,0,0,0,1,,0.0,,,Female_likely/Mouse060_20160526_18-16-27,Mouse060_20160526_18-16-27,Female_likely,v2,annotator6,annotator8
annotator_multi8,0,1,0,1,0,0.0,,,,Female_likely/Mouse060_20160526_18-16-27,Mouse060_20160526_18-16-27,Female_likely,v2,annotator6,annotator8
0,24,24,23,1,1,0.9583333333333334,0.9583333333333334,0.9583333333333334,0.9197579382356681,Female_likely/Mouse060_20160526_18-16-27,Mouse060_20160526_18-16-27,Female_likely,v2,annotator7,annotator8
1,23,23,20,3,3,0.8695652173913043,0.8695652173913043,0.8695652173913043,0.8358815888380858,Female_likely/Mouse060_20160526_18-16-27,Mouse060_20160526_18-16-27,Female_likely,v2,annotator7,annotator8
annotator_multi7,1,0,0,0,1,,0.0,,,Female_likely/Mouse060_20160526_18-16-27,Mouse060_20160526_18-16-27,Female_likely,v2,annotator7,annotator8
annotator_multi8,0,1,0,1,0,0.0,,,,Female_likely/Mouse060_20160526_18-16-27,Mouse060_20160526_18-16-27,Female_likely,v2,annotator7,annotator8
0,10,10,10,0,0,1.0,1.0,1.0,0.9536614039418785,Female_likely/Mouse061_20160526_18-38-49,Mouse061_20160526_18-38-49,Female_likely,v1,annotator1,annotator2
1,10,10,10,0,0,1.0,1.0,1.0,0.9413937869082349,Female_likely/Mouse061_20160526_18-38-49,Mouse061_20160526_18-38-49,Female_likely,v1,annotator1,annotator2
annotator_multi1,1,0,0,0,1,,0.0,,,Female_likely/Mouse061_20160526_18-38-49,Mouse061_20160526_18-38-49,Female_likely,v1,annotator1,annotator2
annotator_multi2,0,1,0,1,0,0.0,,,,Female_likely/Mouse061_20160526_18-38-49,Mouse061_20160526_18-38-49,Female_likely,v1,annotator1,annotator2
0,10,12,10,2,0,0.8333333333333334,1.0,0.9090909090909091,0.9567206983563812,Female_likely/Mouse061_20160526_18-38-49,Mouse061_20160526_18-38-49,Female_likely,v1,annotator1,annotator3
1,10,12,10,2,0,0.8333333333333334,1.0,0.9090909090909091,0.9028056740393946,Female_likely/Mouse061_20160526_18-38-49,Mouse061_20160526_18-38-49,Female_likely,v1,annotator1,annotator3
annotator_multi1,1,0,0,0,1,,0.0,,,Female_likely/Mouse061_20160526_18-38-49,Mouse061_20160526_18-38-49,Female_likely,v1,annotator1,annotator3
annotator_multi3,0,1,0,1,0,0.0,,,,Female_likely/Mouse061_20160526_18-38-49,Mouse061_20160526_18-38-49,Female_likely,v1,annotator1,annotator3
0,10,15,9,6,1,0.6,0.9,0.7200000000000001,0.8940662263602681,Female_likely/Mouse061_20160526_18-38-49,Mouse061_20160526_18-38-49,Female_likely,v1,annotator1,annotator4
1,10,15,10,5,0,0.6666666666666666,1.0,0.8,0.9108129509460443,Female_likely/Mouse061_20160526_18-38-49,Mouse061_20160526_18-38-49,Female_likely,v1,annotator1,annotator4
annotator_multi1,1,0,0,0,1,,0.0,,,Female_likely/Mouse061_20160526_18-38-49,Mouse061_20160526_18-38-49,Female_likely,v1,annotator1,annotator4
annotator_multi4,0,1,0,1,0,0.0,,,,Female_likely/Mouse061_20160526_18-38-49,Mouse061_20160526_18-38-49,Female_likely,v1,annotator1,annotator4
0,10,2,0,2,10,0.0,0.0,,,Female_likely/Mouse061_20160526_18-38-49,Mouse061_20160526_18-38-49,Female_likely,v1,annotator1,annotator5
1,10,1,0,1,10,0.0,0.0,,,Female_likely/Mouse061_20160526_18-38-49,Mouse061_20160526_18-38-49,Female_likely,v1,annotator1,annotator5
annotator_multi1,1,0,0,0,1,,0.0,,,Female_likely/Mouse061_20160526_18-38-49,Mouse061_20160526_18-38-49,Female_likely,v1,annotator1,annotator5
annotator_multi5,0,1,0,1,0,0.0,,,,Female_likely/Mouse061_20160526_18-38-49,Mouse061_20160526_18-38-49,Female_likely,v1,annotator1,annotator5
0,10,10,9,1,1,0.9,0.9,0.9,0.9892403664326577,Female_likely/Mouse061_20160526_18-38-49,Mouse061_20160526_18-38-49,Female_likely,v1,annotator1,annotator6
1,10,10,10,0,0,1.0,1.0,1.0,0.9387207989181151,Female_likely/Mouse061_20160526_18-38-49,Mouse061_20160526_18-38-49,Female_likely,v1,annotator1,annotator6
annotator_multi1,1,0,0,0,1,,0.0,,,Female_likely/Mouse061_20160526_18-38-49,Mouse061_20160526_18-38-49,Female_likely,v1,annotator1,annotator6
annotator_multi6,0,1,0,1,0,0.0,,,,Female_likely/Mouse061_20160526_18-38-49,Mouse061_20160526_18-38-49,Female_likely,v1,annotator1,annotator6
0,10,9,9,0,1,1.0,0.9,0.9473684210526316,0.9163255352270944,Female_likely/Mouse061_20160526_18-38-49,Mouse061_20160526_18-38-49,Female_likely,v1,annotator1,annotator7
1,10,9,9,0,1,1.0,0.9,0.9473684210526316,0.9423529896509419,Female_likely/Mouse061_20160526_18-38-49,Mouse061_20160526_18-38-49,Female_likely,v1,annotator1,annotator7
annotator_multi1,1,0,0,0,1,,0.0,,,Female_likely/Mouse061_20160526_18-38-49,Mouse061_20160526_18-38-49,Female_likely,v1,annotator1,annotator7
annotator_multi7,0,1,0,1,0,0.0,,,,Female_likely/Mouse061_20160526_18-38-49,Mouse061_20160526_18-38-49,Female_likely,v1,annotator1,annotator7
0,10,10,10,0,0,1.0,1.0,1.0,0.926781137234947,Female_likely/Mouse061_20160526_18-38-49,Mouse061_20160526_18-38-49,Female_likely,v1,annotator1,annotator8
1,10,10,9,1,1,0.9,0.9,0.9,0.8796482835645562,Female_likely/Mouse061_20160526_18-38-49,Mouse061_20160526_18-38-49,Female_likely,v1,annotator1,annotator8
annotator_multi1,1,0,0,0,1,,0.0,,,Female_likely/Mouse061_20160526_18-38-49,Mouse061_20160526_18-38-49,Female_likely,v1,annotator1,annotator8
annotator_multi8,0,1,0,1,0,0.0,,,,Female_likely/Mouse061_20160526_18-38-49,Mouse061_20160526_18-38-49,Female_likely,v1,annotator1,annotator8
0,10,12,10,2,0,0.8333333333333334,1.0,0.9090909090909091,0.9176418102482288,Female_likely/Mouse061_20160526_18-38-49,Mouse061_20160526_18-38-49,Female_likely,v1,annotator2,annotator3
1,10,12,10,2,0,0.8333333333333334,1.0,0.9090909090909091,0.8739295280413423,Female_likely/Mouse061_20160526_18-38-49,Mouse061_20160526_18-38-49,Female_likely,v1,annotator2,annotator3
annotator_multi2,1,0,0,0,1,,0.0,,,Female_likely/Mouse061_20160526_18-38-49,Mouse061_20160526_18-38-49,Female_likely,v1,annotator2,annotator3
annotator_multi3,0,1,0,1,0,0.0,,,,Female_likely/Mouse061_20160526_18-38-49,Mouse061_20160526_18-38-49,Female_likely,v1,annotator2,annotator3
0,10,15,10,5,0,0.6666666666666666,1.0,0.8,0.886744734223012,Female_likely/Mouse061_20160526_18-38-49,Mouse061_20160526_18-38-49,Female_likely,v1,annotator2,annotator4
1,10,15,10,5,0,0.6666666666666666,1.0,0.8,0.9200122055497439,Female_likely/Mouse061_20160526_18-38-49,Mouse061_20160526_18-38-49,Female_likely,v1,annotator2,annotator4
annotator_multi2,1,0,0,0,1,,0.0,,,Female_likely/Mouse061_20160526_18-38-49,Mouse061_20160526_18-38-49,Female_likely,v1,annotator2,annotator4
annotator_multi4,0,1,0,1,0,0.0,,,,Female_likely/Mouse061_20160526_18-38-49,Mouse061_20160526_18-38-49,Female_likely,v1,annotator2,annotator4
0,10,2,0,2,10,0.0,0.0,,,Female_likely/Mouse061_20160526_18-38-49,Mouse061_20160526_18-38-49,Female_likely,v1,annotator2,annotator5
1,10,1,0,1,10,0.0,0.0,,,Female_likely/Mouse061_20160526_18-38-49,Mouse061_20160526_18-38-49,Female_likely,v1,annotator2,annotator5
annotator_multi2,1,0,0,0,1,,0.0,,,Female_likely/Mouse061_20160526_18-38-49,Mouse061_20160526_18-38-49,Female_likely,v1,annotator2,annotator5
annotator_multi5,0,1,0,1,0,0.0,,,,Female_likely/Mouse061_20160526_18-38-49,Mouse061_20160526_18-38-49,Female_likely,v1,annotator2,annotator5
0,10,10,10,0,0,1.0,1.0,1.0,0.9606147795938815,Female_likely/Mouse061_20160526_18-38-49,Mouse061_20160526_18-38-49,Female_likely,v1,annotator2,annotator6
1,10,10,10,0,0,1.0,1.0,1.0,0.9374854263831504,Female_likely/Mouse061_20160526_18-38-49,Mouse061_20160526_18-38-49,Female_likely,v1,annotator2,annotator6
annotator_multi2,1,0,0,0,1,,0.0,,,Female_likely/Mouse061_20160526_18-38-49,Mouse061_20160526_18-38-49,Female_likely,v1,annotator2,annotator6
annotator_multi6,0,1,0,1,0,0.0,,,,Female_likely/Mouse061_20160526_18-38-49,Mouse061_20160526_18-38-49,Female_likely,v1,annotator2,annotator6
0,10,9,9,0,1,1.0,0.9,0.9473684210526316,0.9489321261806926,Female_likely/Mouse061_20160526_18-38-49,Mouse061_20160526_18-38-49,Female_likely,v1,annotator2,annotator7
1,10,9,9,0,1,1.0,0.9,0.9473684210526316,0.953947676951755,Female_likely/Mouse061_20160526_18-38-49,Mouse061_20160526_18-38-49,Female_likely,v1,annotator2,annotator7
annotator_multi2,1,0,0,0,1,,0.0,,,Female_likely/Mouse061_20160526_18-38-49,Mouse061_20160526_18-38-49,Female_likely,v1,annotator2,annotator7
annotator_multi7,0,1,0,1,0,0.0,,,,Female_likely/Mouse061_20160526_18-38-49,Mouse061_20160526_18-38-49,Female_likely,v1,annotator2,annotator7
0,10,10,10,0,0,1.0,1.0,1.0,0.950643262120116,Female_likely/Mouse061_20160526_18-38-49,Mouse061_20160526_18-38-49,Female_likely,v1,annotator2,annotator8
1,10,10,9,1,1,0.9,0.9,0.9,0.8808095999064309,Female_likely/Mouse061_20160526_18-38-49,Mouse061_20160526_18-38-49,Female_likely,v1,annotator2,annotator8
annotator_multi2,1,0,0,0,1,,0.0,,,Female_likely/Mouse061_20160526_18-38-49,Mouse061_20160526_18-38-49,Female_likely,v1,annotator2,annotator8
annotator_multi8,0,1,0,1,0,0.0,,,,Female_likely/Mouse061_20160526_18-38-49,Mouse061_20160526_18-38-49,Female_likely,v1,annotator2,annotator8
0,12,15,10,5,2,0.6666666666666666,0.8333333333333334,0.7407407407407408,0.9090078606576588,Female_likely/Mouse061_20160526_18-38-49,Mouse061_20160526_18-38-49,Female_likely,v1,annotator3,annotator4
1,12,15,10,5,2,0.6666666666666666,0.8333333333333334,0.7407407407407408,0.8387297124078291,Female_likely/Mouse061_20160526_18-38-49,Mouse061_20160526_18-38-49,Female_likely,v1,annotator3,annotator4
annotator_multi3,1,0,0,0,1,,0.0,,,Female_likely/Mouse061_20160526_18-38-49,Mouse061_20160526_18-38-49,Female_likely,v1,annotator3,annotator4
annotator_multi4,0,1,0,1,0,0.0,,,,Female_likely/Mouse061_20160526_18-38-49,Mouse061_20160526_18-38-49,Female_likely,v1,annotator3,annotator4
0,12,2,0,2,12,0.0,0.0,,,Female_likely/Mouse061_20160526_18-38-49,Mouse061_20160526_18-38-49,Female_likely,v1,annotator3,annotator5
1,12,1,0,1,12,0.0,0.0,,,Female_likely/Mouse061_20160526_18-38-49,Mouse061_20160526_18-38-49,Female_likely,v1,annotator3,annotator5
annotator_multi3,1,0,0,0,1,,0.0,,,Female_likely/Mouse061_20160526_18-38-49,Mouse061_20160526_18-38-49,Female_likely,v1,annotator3,annotator5
annotator_multi5,0,1,0,1,0,0.0,,,,Female_likely/Mouse061_20160526_18-38-49,Mouse061_20160526_18-38-49,Female_likely,v1,annotator3,annotator5
0,12,10,9,1,3,0.9,0.75,0.8181818181818182,0.9592143329789962,Female_likely/Mouse061_20160526_18-38-49,Mouse061_20160526_18-38-49,Female_likely,v1,annotator3,annotator6
1,12,10,10,0,2,1.0,0.8333333333333334,0.9090909090909091,0.8975762143362669,Female_likely/Mouse061_20160526_18-38-49,Mouse061_20160526_18-38-49,Female_likely,v1,annotator3,annotator6
annotator_multi3,1,0,0,0,1,,0.0,,,Female_likely/Mouse061_20160526_18-38-49,Mouse061_20160526_18-38-49,Female_likely,v1,annotator3,annotator6
annotator_multi6,0,1,0,1,0,0.0,,,,Female_likely/Mouse061_20160526_18-38-49,Mouse061_20160526_18-38-49,Female_likely,v1,annotator3,annotator6
0,12,9,9,0,3,1.0,0.75,0.8571428571428571,0.8850940764507308,Female_likely/Mouse061_20160526_18-38-49,Mouse061_20160526_18-38-49,Female_likely,v1,annotator3,annotator7
1,12,9,9,0,3,1.0,0.75,0.8571428571428571,0.9364983916367566,Female_likely/Mouse061_20160526_18-38-49,Mouse061_20160526_18-38-49,Female_likely,v1,annotator3,annotator7
annotator_multi3,1,0,0,0,1,,0.0,,,Female_likely/Mouse061_20160526_18-38-49,Mouse061_20160526_18-38-49,Female_likely,v1,annotator3,annotator7
annotator_multi7,0,1,0,1,0,0.0,,,,Female_likely/Mouse061_20160526_18-38-49,Mouse061_20160526_18-38-49,Female_likely,v1,annotator3,annotator7
0,12,10,10,0,2,1.0,0.8333333333333334,0.9090909090909091,0.9017713707325896,Female_likely/Mouse061_20160526_18-38-49,Mouse061_20160526_18-38-49,Female_likely,v1,annotator3,annotator8
1,12,10,9,1,3,0.9,0.75,0.8181818181818182,0.8531357950973734,Female_likely/Mouse061_20160526_18-38-49,Mouse061_20160526_18-38-49,Female_likely,v1,annotator3,annotator8
annotator_multi3,1,0,0,0,1,,0.0,,,Female_likely/Mouse061_20160526_18-38-49,Mouse061_20160526_18-38-49,Female_likely,v1,annotator3,annotator8
annotator_multi8,0,1,0,1,0,0.0,,,,Female_likely/Mouse061_20160526_18-38-49,Mouse061_20160526_18-38-49,Female_likely,v1,annotator3,annotator8
0,15,2,0,2,15,0.0,0.0,,,Female_likely/Mouse061_20160526_18-38-49,Mouse061_20160526_18-38-49,Female_likely,v1,annotator4,annotator5
1,15,1,0,1,15,0.0,0.0,,,Female_likely/Mouse061_20160526_18-38-49,Mouse061_20160526_18-38-49,Female_likely,v1,annotator4,annotator5
annotator_multi4,1,0,0,0,1,,0.0,,,Female_likely/Mouse061_20160526_18-38-49,Mouse061_20160526_18-38-49,Female_likely,v1,annotator4,annotator5
annotator_multi5,0,1,0,1,0,0.0,,,,Female_likely/Mouse061_20160526_18-38-49,Mouse061_20160526_18-38-49,Female_likely,v1,annotator4,annotator5
0,15,10,10,0,5,1.0,0.6666666666666666,0.8,0.887237174181864,Female_likely/Mouse061_20160526_18-38-49,Mouse061_20160526_18-38-49,Female_likely,v1,annotator4,annotator6
1,15,10,10,0,5,1.0,0.6666666666666666,0.8,0.9027417370019608,Female_likely/Mouse061_20160526_18-38-49,Mouse061_20160526_18-38-49,Female_likely,v1,annotator4,annotator6
annotator_multi4,1,0,0,0,1,,0.0,,,Female_likely/Mouse061_20160526_18-38-49,Mouse061_20160526_18-38-49,Female_likely,v1,annotator4,annotator6
annotator_multi6,0,1,0,1,0,0.0,,,,Female_likely/Mouse061_20160526_18-38-49,Mouse061_20160526_18-38-49,Female_likely,v1,annotator4,annotator6
0,15,9,8,1,7,0.8888888888888888,0.5333333333333333,0.6666666666666667,0.8947708589705285,Female_likely/Mouse061_20160526_18-38-49,Mouse061_20160526_18-38-49,Female_likely,v1,annotator4,annotator7
1,15,9,9,0,6,1.0,0.6,0.7499999999999999,0.9301901268344095,Female_likely/Mouse061_20160526_18-38-49,Mouse061_20160526_18-38-49,Female_likely,v1,annotator4,annotator7
annotator_multi4,1,0,0,0,1,,0.0,,,Female_likely/Mouse061_20160526_18-38-49,Mouse061_20160526_18-38-49,Female_likely,v1,annotator4,annotator7
annotator_multi7,0,1,0,1,0,0.0,,,,Female_likely/Mouse061_20160526_18-38-49,Mouse061_20160526_18-38-49,Female_likely,v1,annotator4,annotator7
0,15,10,10,0,5,1.0,0.6666666666666666,0.8,0.8659611824786241,Female_likely/Mouse061_20160526_18-38-49,Mouse061_20160526_18-38-49,Female_likely,v1,annotator4,annotator8
1,15,10,8,2,7,0.8,0.5333333333333333,0.64,0.923184217087739,Female_likely/Mouse061_20160526_18-38-49,Mouse061_20160526_18-38-49,Female_likely,v1,annotator4,annotator8
annotator_multi4,1,0,0,0,1,,0.0,,,Female_likely/Mouse061_20160526_18-38-49,Mouse061_20160526_18-38-49,Female_likely,v1,annotator4,annotator8
annotator_multi8,0,1,0,1,0,0.0,,,,Female_likely/Mouse061_20160526_18-38-49,Mouse061_20160526_18-38-49,Female_likely,v1,annotator4,annotator8
0,2,10,0,10,2,0.0,0.0,,,Female_likely/Mouse061_20160526_18-38-49,Mouse061_20160526_18-38-49,Female_likely,v1,annotator5,annotator6
1,1,10,0,10,1,0.0,0.0,,,Female_likely/Mouse061_20160526_18-38-49,Mouse061_20160526_18-38-49,Female_likely,v1,annotator5,annotator6
annotator_multi5,1,0,0,0,1,,0.0,,,Female_likely/Mouse061_20160526_18-38-49,Mouse061_20160526_18-38-49,Female_likely,v1,annotator5,annotator6
annotator_multi6,0,1,0,1,0,0.0,,,,Female_likely/Mouse061_20160526_18-38-49,Mouse061_20160526_18-38-49,Female_likely,v1,annotator5,annotator6
0,2,9,0,9,2,0.0,0.0,,,Female_likely/Mouse061_20160526_18-38-49,Mouse061_20160526_18-38-49,Female_likely,v1,annotator5,annotator7
1,1,9,0,9,1,0.0,0.0,,,Female_likely/Mouse061_20160526_18-38-49,Mouse061_20160526_18-38-49,Female_likely,v1,annotator5,annotator7
annotator_multi5,1,0,0,0,1,,0.0,,,Female_likely/Mouse061_20160526_18-38-49,Mouse061_20160526_18-38-49,Female_likely,v1,annotator5,annotator7
annotator_multi7,0,1,0,1,0,0.0,,,,Female_likely/Mouse061_20160526_18-38-49,Mouse061_20160526_18-38-49,Female_likely,v1,annotator5,annotator7
0,2,10,0,10,2,0.0,0.0,,,Female_likely/Mouse061_20160526_18-38-49,Mouse061_20160526_18-38-49,Female_likely,v1,annotator5,annotator8
1,1,10,0,10,1,0.0,0.0,,,Female_likely/Mouse061_20160526_18-38-49,Mouse061_20160526_18-38-49,Female_likely,v1,annotator5,annotator8
annotator_multi5,1,0,0,0,1,,0.0,,,Female_likely/Mouse061_20160526_18-38-49,Mouse061_20160526_18-38-49,Female_likely,v1,annotator5,annotator8
annotator_multi8,0,1,0,1,0,0.0,,,,Female_likely/Mouse061_20160526_18-38-49,Mouse061_20160526_18-38-49,Female_likely,v1,annotator5,annotator8
0,10,9,9,0,1,1.0,0.9,0.9473684210526316,0.9278523447269093,Female_likely/Mouse061_20160526_18-38-49,Mouse061_20160526_18-38-49,Female_likely,v1,annotator6,annotator7
1,10,9,9,0,1,1.0,0.9,0.9473684210526316,0.9535307206247327,Female_likely/Mouse061_20160526_18-38-49,Mouse061_20160526_18-38-49,Female_likely,v1,annotator6,annotator7
annotator_multi6,1,0,0,0,1,,0.0,,,Female_likely/Mouse061_20160526_18-38-49,Mouse061_20160526_18-38-49,Female_likely,v1,annotator6,annotator7
annotator_multi7,0,1,0,1,0,0.0,,,,Female_likely/Mouse061_20160526_18-38-49,Mouse061_20160526_18-38-49,Female_likely,v1,annotator6,annotator7
0,10,10,10,0,0,1.0,1.0,1.0,0.9577906539448385,Female_likely/Mouse061_20160526_18-38-49,Mouse061_20160526_18-38-49,Female_likely,v1,annotator6,annotator8
1,10,10,9,1,1,0.9,0.9,0.9,0.9109094930760239,Female_likely/Mouse061_20160526_18-38-49,Mouse061_20160526_18-38-49,Female_likely,v1,annotator6,annotator8
annotator_multi6,1,0,0,0,1,,0.0,,,Female_likely/Mouse061_20160526_18-38-49,Mouse061_20160526_18-38-49,Female_likely,v1,annotator6,annotator8
annotator_multi8,0,1,0,1,0,0.0,,,,Female_likely/Mouse061_20160526_18-38-49,Mouse061_20160526_18-38-49,Female_likely,v1,annotator6,annotator8
0,9,10,9,1,0,0.9,1.0,0.9473684210526316,0.9276493233974773,Female_likely/Mouse061_20160526_18-38-49,Mouse061_20160526_18-38-49,Female_likely,v1,annotator7,annotator8
1,9,10,9,1,0,0.9,1.0,0.9473684210526316,0.9021670743456804,Female_likely/Mouse061_20160526_18-38-49,Mouse061_20160526_18-38-49,Female_likely,v1,annotator7,annotator8
annotator_multi7,1,0,0,0,1,,0.0,,,Female_likely/Mouse061_20160526_18-38-49,Mouse061_20160526_18-38-49,Female_likely,v1,annotator7,annotator8
annotator_multi8,0,1,0,1,0,0.0,,,,Female_likely/Mouse061_20160526_18-38-49,Mouse061_20160526_18-38-49,Female_likely,v1,annotator7,annotator8
0,2,5,1,4,1,0.2,0.5,0.28571428571428575,0.5874962904342665,Female_likely/Mouse062_20160526_18-56-26,Mouse062_20160526_18-56-26,Female_likely,v1,annotator1,annotator2
1,1,5,0,5,1,0.0,0.0,,,Female_likely/Mouse062_20160526_18-56-26,Mouse062_20160526_18-56-26,Female_likely,v1,annotator1,annotator2
annotator_multi1,1,0,0,0,1,,0.0,,,Female_likely/Mouse062_20160526_18-56-26,Mouse062_20160526_18-56-26,Female_likely,v1,annotator1,annotator2
annotator_multi2,0,1,0,1,0,0.0,,,,Female_likely/Mouse062_20160526_18-56-26,Mouse062_20160526_18-56-26,Female_likely,v1,annotator1,annotator2
0,2,5,1,4,1,0.2,0.5,0.28571428571428575,0.5869737102194109,Female_likely/Mouse062_20160526_18-56-26,Mouse062_20160526_18-56-26,Female_likely,v1,annotator1,annotator3
1,1,5,0,5,1,0.0,0.0,,,Female_likely/Mouse062_20160526_18-56-26,Mouse062_20160526_18-56-26,Female_likely,v1,annotator1,annotator3
annotator_multi1,1,0,0,0,1,,0.0,,,Female_likely/Mouse062_20160526_18-56-26,Mouse062_20160526_18-56-26,Female_likely,v1,annotator1,annotator3
annotator_multi3,0,1,0,1,0,0.0,,,,Female_likely/Mouse062_20160526_18-56-26,Mouse062_20160526_18-56-26,Female_likely,v1,annotator1,annotator3
0,2,6,1,5,1,0.16666666666666666,0.5,0.25,0.5873800810997923,Female_likely/Mouse062_20160526_18-56-26,Mouse062_20160526_18-56-26,Female_likely,v1,annotator1,annotator4
1,1,6,0,6,1,0.0,0.0,,,Female_likely/Mouse062_20160526_18-56-26,Mouse062_20160526_18-56-26,Female_likely,v1,annotator1,annotator4
annotator_multi1,1,0,0,0,1,,0.0,,,Female_likely/Mouse062_20160526_18-56-26,Mouse062_20160526_18-56-26,Female_likely,v1,annotator1,annotator4
annotator_multi4,0,1,0,1,0,0.0,,,,Female_likely/Mouse062_20160526_18-56-26,Mouse062_20160526_18-56-26,Female_likely,v1,annotator1,annotator4
0,2,2,0,2,2,0.0,0.0,,,Female_likely/Mouse062_20160526_18-56-26,Mouse062_20160526_18-56-26,Female_likely,v1,annotator1,annotator5
1,1,1,0,1,1,0.0,0.0,,,Female_likely/Mouse062_20160526_18-56-26,Mouse062_20160526_18-56-26,Female_likely,v1,annotator1,annotator5
annotator_multi1,1,0,0,0,1,,0.0,,,Female_likely/Mouse062_20160526_18-56-26,Mouse062_20160526_18-56-26,Female_likely,v1,annotator1,annotator5
annotator_multi5,0,1,0,1,0,0.0,,,,Female_likely/Mouse062_20160526_18-56-26,Mouse062_20160526_18-56-26,Female_likely,v1,annotator1,annotator5
0,2,7,1,6,1,0.14285714285714285,0.5,0.22222222222222224,0.8503722794959908,Female_likely/Mouse062_20160526_18-56-26,Mouse062_20160526_18-56-26,Female_likely,v1,annotator1,annotator6
1,1,7,0,7,1,0.0,0.0,,,Female_likely/Mouse062_20160526_18-56-26,Mouse062_20160526_18-56-26,Female_likely,v1,annotator1,annotator6
annotator_multi1,1,0,0,0,1,,0.0,,,Female_likely/Mouse062_20160526_18-56-26,Mouse062_20160526_18-56-26,Female_likely,v1,annotator1,annotator6
annotator_multi6,0,1,0,1,0,0.0,,,,Female_likely/Mouse062_20160526_18-56-26,Mouse062_20160526_18-56-26,Female_likely,v1,annotator1,annotator6
0,2,4,0,4,2,0.0,0.0,,,Female_likely/Mouse062_20160526_18-56-26,Mouse062_20160526_18-56-26,Female_likely,v1,annotator1,annotator7
1,1,4,0,4,1,0.0,0.0,,,Female_likely/Mouse062_20160526_18-56-26,Mouse062_20160526_18-56-26,Female_likely,v1,annotator1,annotator7
annotator_multi1,1,0,0,0,1,,0.0,,,Female_likely/Mouse062_20160526_18-56-26,Mouse062_20160526_18-56-26,Female_likely,v1,annotator1,annotator7
annotator_multi7,0,1,0,1,0,0.0,,,,Female_likely/Mouse062_20160526_18-56-26,Mouse062_20160526_18-56-26,Female_likely,v1,annotator1,annotator7
0,2,5,1,4,1,0.2,0.5,0.28571428571428575,0.5865679012345679,Female_likely/Mouse062_20160526_18-56-26,Mouse062_20160526_18-56-26,Female_likely,v1,annotator1,annotator8
1,1,5,0,5,1,0.0,0.0,,,Female_likely/Mouse062_20160526_18-56-26,Mouse062_20160526_18-56-26,Female_likely,v1,annotator1,annotator8
annotator_multi1,1,0,0,0,1,,0.0,,,Female_likely/Mouse062_20160526_18-56-26,Mouse062_20160526_18-56-26,Female_likely,v1,annotator1,annotator8
annotator_multi8,0,1,0,1,0,0.0,,,,Female_likely/Mouse062_20160526_18-56-26,Mouse062_20160526_18-56-26,Female_likely,v1,annotator1,annotator8
0,5,5,5,0,0,1.0,1.0,1.0,0.9830528327395438,Female_likely/Mouse062_20160526_18-56-26,Mouse062_20160526_18-56-26,Female_likely,v1,annotator2,annotator3
1,5,5,5,0,0,1.0,1.0,1.0,0.8842589765319818,Female_likely/Mouse062_20160526_18-56-26,Mouse062_20160526_18-56-26,Female_likely,v1,annotator2,annotator3
annotator_multi2,1,0,0,0,1,,0.0,,,Female_likely/Mouse062_20160526_18-56-26,Mouse062_20160526_18-56-26,Female_likely,v1,annotator2,annotator3
annotator_multi3,0,1,0,1,0,0.0,,,,Female_likely/Mouse062_20160526_18-56-26,Mouse062_20160526_18-56-26,Female_likely,v1,annotator2,annotator3
0,5,6,5,1,0,0.8333333333333334,1.0,0.9090909090909091,0.9139055054060645,Female_likely/Mouse062_20160526_18-56-26,Mouse062_20160526_18-56-26,Female_likely,v1,annotator2,annotator4
1,5,6,5,1,0,0.8333333333333334,1.0,0.9090909090909091,0.9267894924005265,Female_likely/Mouse062_20160526_18-56-26,Mouse062_20160526_18-56-26,Female_likely,v1,annotator2,annotator4
annotator_multi2,1,0,0,0,1,,0.0,,,Female_likely/Mouse062_20160526_18-56-26,Mouse062_20160526_18-56-26,Female_likely,v1,annotator2,annotator4
annotator_multi4,0,1,0,1,0,0.0,,,,Female_likely/Mouse062_20160526_18-56-26,Mouse062_20160526_18-56-26,Female_likely,v1,annotator2,annotator4
0,5,2,1,1,4,0.5,0.2,0.28571428571428575,0.6932994993484671,Female_likely/Mouse062_20160526_18-56-26,Mouse062_20160526_18-56-26,Female_likely,v1,annotator2,annotator5
1,5,1,0,1,5,0.0,0.0,,,Female_likely/Mouse062_20160526_18-56-26,Mouse062_20160526_18-56-26,Female_likely,v1,annotator2,annotator5
annotator_multi2,1,0,0,0,1,,0.0,,,Female_likely/Mouse062_20160526_18-56-26,Mouse062_20160526_18-56-26,Female_likely,v1,annotator2,annotator5
annotator_multi5,0,1,0,1,0,0.0,,,,Female_likely/Mouse062_20160526_18-56-26,Mouse062_20160526_18-56-26,Female_likely,v1,annotator2,annotator5
0,5,7,5,2,0,0.7142857142857143,1.0,0.8333333333333333,0.8413052486579156,Female_likely/Mouse062_20160526_18-56-26,Mouse062_20160526_18-56-26,Female_likely,v1,annotator2,annotator6
1,5,7,5,2,0,0.7142857142857143,1.0,0.8333333333333333,0.9014231261801516,Female_likely/Mouse062_20160526_18-56-26,Mouse062_20160526_18-56-26,Female_likely,v1,annotator2,annotator6
annotator_multi2,1,0,0,0,1,,0.0,,,Female_likely/Mouse062_20160526_18-56-26,Mouse062_20160526_18-56-26,Female_likely,v1,annotator2,annotator6
annotator_multi6,0,1,0,1,0,0.0,,,,Female_likely/Mouse062_20160526_18-56-26,Mouse062_20160526_18-56-26,Female_likely,v1,annotator2,annotator6
0,5,4,4,0,1,1.0,0.8,0.888888888888889,0.9460253359636137,Female_likely/Mouse062_20160526_18-56-26,Mouse062_20160526_18-56-26,Female_likely,v1,annotator2,annotator7
1,5,4,4,0,1,1.0,0.8,0.888888888888889,0.915061620353991,Female_likely/Mouse062_20160526_18-56-26,Mouse062_20160526_18-56-26,Female_likely,v1,annotator2,annotator7
annotator_multi2,1,0,0,0,1,,0.0,,,Female_likely/Mouse062_20160526_18-56-26,Mouse062_20160526_18-56-26,Female_likely,v1,annotator2,annotator7
annotator_multi7,0,1,0,1,0,0.0,,,,Female_likely/Mouse062_20160526_18-56-26,Mouse062_20160526_18-56-26,Female_likely,v1,annotator2,annotator7
0,5,5,5,0,0,1.0,1.0,1.0,0.9827172162670182,Female_likely/Mouse062_20160526_18-56-26,Mouse062_20160526_18-56-26,Female_likely,v1,annotator2,annotator8
1,5,5,5,0,0,1.0,1.0,1.0,0.8646496400823812,Female_likely/Mouse062_20160526_18-56-26,Mouse062_20160526_18-56-26,Female_likely,v1,annotator2,annotator8
annotator_multi2,1,0,0,0,1,,0.0,,,Female_likely/Mouse062_20160526_18-56-26,Mouse062_20160526_18-56-26,Female_likely,v1,annotator2,annotator8
annotator_multi8,0,1,0,1,0,0.0,,,,Female_likely/Mouse062_20160526_18-56-26,Mouse062_20160526_18-56-26,Female_likely,v1,annotator2,annotator8
0,5,6,5,1,0,0.8333333333333334,1.0,0.9090909090909091,0.8994229254014009,Female_likely/Mouse062_20160526_18-56-26,Mouse062_20160526_18-56-26,Female_likely,v1,annotator3,annotator4
1,5,6,5,1,0,0.8333333333333334,1.0,0.9090909090909091,0.8490500544326984,Female_likely/Mouse062_20160526_18-56-26,Mouse062_20160526_18-56-26,Female_likely,v1,annotator3,annotator4
annotator_multi3,1,0,0,0,1,,0.0,,,Female_likely/Mouse062_20160526_18-56-26,Mouse062_20160526_18-56-26,Female_likely,v1,annotator3,annotator4
annotator_multi4,0,1,0,1,0,0.0,,,,Female_likely/Mouse062_20160526_18-56-26,Mouse062_20160526_18-56-26,Female_likely,v1,annotator3,annotator4
0,5,2,1,1,4,0.5,0.2,0.28571428571428575,0.6939167409642686,Female_likely/Mouse062_20160526_18-56-26,Mouse062_20160526_18-56-26,Female_likely,v1,annotator3,annotator5
1,5,1,0,1,5,0.0,0.0,,,Female_likely/Mouse062_20160526_18-56-26,Mouse062_20160526_18-56-26,Female_likely,v1,annotator3,annotator5
annotator_multi3,1,0,0,0,1,,0.0,,,Female_likely/Mouse062_20160526_18-56-26,Mouse062_20160526_18-56-26,Female_likely,v1,annotator3,annotator5
annotator_multi5,0,1,0,1,0,0.0,,,,Female_likely/Mouse062_20160526_18-56-26,Mouse062_20160526_18-56-26,Female_likely,v1,annotator3,annotator5
0,5,7,5,2,0,0.7142857142857143,1.0,0.8333333333333333,0.8309678014189392,Female_likely/Mouse062_20160526_18-56-26,Mouse062_20160526_18-56-26,Female_likely,v1,annotator3,annotator6
1,5,7,5,2,0,0.7142857142857143,1.0,0.8333333333333333,0.9012323419952064,Female_likely/Mouse062_20160526_18-56-26,Mouse062_20160526_18-56-26,Female_likely,v1,annotator3,annotator6
annotator_multi3,1,0,0,0,1,,0.0,,,Female_likely/Mouse062_20160526_18-56-26,Mouse062_20160526_18-56-26,Female_likely,v1,annotator3,annotator6
annotator_multi6,0,1,0,1,0,0.0,,,,Female_likely/Mouse062_20160526_18-56-26,Mouse062_20160526_18-56-26,Female_likely,v1,annotator3,annotator6
0,5,4,4,0,1,1.0,0.8,0.888888888888889,0.9510778852943562,Female_likely/Mouse062_20160526_18-56-26,Mouse062_20160526_18-56-26,Female_likely,v1,annotator3,annotator7
1,5,4,4,0,1,1.0,0.8,0.888888888888889,0.9760649253903212,Female_likely/Mouse062_20160526_18-56-26,Mouse062_20160526_18-56-26,Female_likely,v1,annotator3,annotator7
annotator_multi3,1,0,0,0,1,,0.0,,,Female_likely/Mouse062_20160526_18-56-26,Mouse062_20160526_18-56-26,Female_likely,v1,annotator3,annotator7
annotator_multi7,0,1,0,1,0,0.0,,,,Female_likely/Mouse062_20160526_18-56-26,Mouse062_20160526_18-56-26,Female_likely,v1,annotator3,annotator7
0,5,5,5,0,0,1.0,1.0,1.0,0.9785054584892681,Female_likely/Mouse062_20160526_18-56-26,Mouse062_20160526_18-56-26,Female_likely,v1,annotator3,annotator8
1,5,5,5,0,0,1.0,1.0,1.0,0.8873968690396374,Female_likely/Mouse062_20160526_18-56-26,Mouse062_20160526_18-56-26,Female_likely,v1,annotator3,annotator8
annotator_multi3,1,0,0,0,1,,0.0,,,Female_likely/Mouse062_20160526_18-56-26,Mouse062_20160526_18-56-26,Female_likely,v1,annotator3,annotator8
annotator_multi8,0,1,0,1,0,0.0,,,,Female_likely/Mouse062_20160526_18-56-26,Mouse062_20160526_18-56-26,Female_likely,v1,annotator3,annotator8
0,6,2,1,1,5,0.5,0.16666666666666666,0.25,0.6934366641519786,Female_likely/Mouse062_20160526_18-56-26,Mouse062_20160526_18-56-26,Female_likely,v1,annotator4,annotator5
1,6,1,0,1,6,0.0,0.0,,,Female_likely/Mouse062_20160526_18-56-26,Mouse062_20160526_18-56-26,Female_likely,v1,annotator4,annotator5
annotator_multi4,1,0,0,0,1,,0.0,,,Female_likely/Mouse062_20160526_18-56-26,Mouse062_20160526_18-56-26,Female_likely,v1,annotator4,annotator5
annotator_multi5,0,1,0,1,0,0.0,,,,Female_likely/Mouse062_20160526_18-56-26,Mouse062_20160526_18-56-26,Female_likely,v1,annotator4,annotator5
0,6,7,5,2,1,0.7142857142857143,0.8333333333333334,0.7692307692307692,0.7703258087673381,Female_likely/Mouse062_20160526_18-56-26,Mouse062_20160526_18-56-26,Female_likely,v1,annotator4,annotator6
1,6,7,5,2,1,0.7142857142857143,0.8333333333333334,0.7692307692307692,0.9124234165564917,Female_likely/Mouse062_20160526_18-56-26,Mouse062_20160526_18-56-26,Female_likely,v1,annotator4,annotator6
annotator_multi4,1,0,0,0,1,,0.0,,,Female_likely/Mouse062_20160526_18-56-26,Mouse062_20160526_18-56-26,Female_likely,v1,annotator4,annotator6
annotator_multi6,0,1,0,1,0,0.0,,,,Female_likely/Mouse062_20160526_18-56-26,Mouse062_20160526_18-56-26,Female_likely,v1,annotator4,annotator6
0,6,4,4,0,2,1.0,0.6666666666666666,0.8,0.8397023084298428,Female_likely/Mouse062_20160526_18-56-26,Mouse062_20160526_18-56-26,Female_likely,v1,annotator4,annotator7
1,6,4,4,0,2,1.0,0.6666666666666666,0.8,0.8466562590037736,Female_likely/Mouse062_20160526_18-56-26,Mouse062_20160526_18-56-26,Female_likely,v1,annotator4,annotator7
annotator_multi4,1,0,0,0,1,,0.0,,,Female_likely/Mouse062_20160526_18-56-26,Mouse062_20160526_18-56-26,Female_likely,v1,annotator4,annotator7
annotator_multi7,0,1,0,1,0,0.0,,,,Female_likely/Mouse062_20160526_18-56-26,Mouse062_20160526_18-56-26,Female_likely,v1,annotator4,annotator7
0,6,5,5,0,1,1.0,0.8333333333333334,0.9090909090909091,0.9095533512570096,Female_likely/Mouse062_20160526_18-56-26,Mouse062_20160526_18-56-26,Female_likely,v1,annotator4,annotator8
1,6,5,5,0,1,1.0,0.8333333333333334,0.9090909090909091,0.81741656704657,Female_likely/Mouse062_20160526_18-56-26,Mouse062_20160526_18-56-26,Female_likely,v1,annotator4,annotator8
annotator_multi4,1,0,0,0,1,,0.0,,,Female_likely/Mouse062_20160526_18-56-26,Mouse062_20160526_18-56-26,Female_likely,v1,annotator4,annotator8
annotator_multi8,0,1,0,1,0,0.0,,,,Female_likely/Mouse062_20160526_18-56-26,Mouse062_20160526_18-56-26,Female_likely,v1,annotator4,annotator8
0,2,7,0,7,2,0.0,0.0,,,Female_likely/Mouse062_20160526_18-56-26,Mouse062_20160526_18-56-26,Female_likely,v1,annotator5,annotator6
1,1,7,0,7,1,0.0,0.0,,,Female_likely/Mouse062_20160526_18-56-26,Mouse062_20160526_18-56-26,Female_likely,v1,annotator5,annotator6
annotator_multi5,1,0,0,0,1,,0.0,,,Female_likely/Mouse062_20160526_18-56-26,Mouse062_20160526_18-56-26,Female_likely,v1,annotator5,annotator6
annotator_multi6,0,1,0,1,0,0.0,,,,Female_likely/Mouse062_20160526_18-56-26,Mouse062_20160526_18-56-26,Female_likely,v1,annotator5,annotator6
0,2,4,1,3,1,0.25,0.5,0.3333333333333333,0.8304643028598861,Female_likely/Mouse062_20160526_18-56-26,Mouse062_20160526_18-56-26,Female_likely,v1,annotator5,annotator7
1,1,4,0,4,1,0.0,0.0,,,Female_likely/Mouse062_20160526_18-56-26,Mouse062_20160526_18-56-26,Female_likely,v1,annotator5,annotator7
annotator_multi5,1,0,0,0,1,,0.0,,,Female_likely/Mouse062_20160526_18-56-26,Mouse062_20160526_18-56-26,Female_likely,v1,annotator5,annotator7
annotator_multi7,0,1,0,1,0,0.0,,,,Female_likely/Mouse062_20160526_18-56-26,Mouse062_20160526_18-56-26,Female_likely,v1,annotator5,annotator7
0,2,5,1,4,1,0.2,0.5,0.28571428571428575,0.6943968177765585,Female_likely/Mouse062_20160526_18-56-26,Mouse062_20160526_18-56-26,Female_likely,v1,annotator5,annotator8
1,1,5,0,5,1,0.0,0.0,,,Female_likely/Mouse062_20160526_18-56-26,Mouse062_20160526_18-56-26,Female_likely,v1,annotator5,annotator8
annotator_multi5,1,0,0,0,1,,0.0,,,Female_likely/Mouse062_20160526_18-56-26,Mouse062_20160526_18-56-26,Female_likely,v1,annotator5,annotator8
annotator_multi8,0,1,0,1,0,0.0,,,,Female_likely/Mouse062_20160526_18-56-26,Mouse062_20160526_18-56-26,Female_likely,v1,annotator5,annotator8
0,7,4,4,0,3,1.0,0.5714285714285714,0.7272727272727273,0.8745548661664909,Female_likely/Mouse062_20160526_18-56-26,Mouse062_20160526_18-56-26,Female_likely,v1,annotator6,annotator7
1,7,4,4,0,3,1.0,0.5714285714285714,0.7272727272727273,0.9018687554595739,Female_likely/Mouse062_20160526_18-56-26,Mouse062_20160526_18-56-26,Female_likely,v1,annotator6,annotator7
annotator_multi6,1,0,0,0,1,,0.0,,,Female_likely/Mouse062_20160526_18-56-26,Mouse062_20160526_18-56-26,Female_likely,v1,annotator6,annotator7
annotator_multi7,0,1,0,1,0,0.0,,,,Female_likely/Mouse062_20160526_18-56-26,Mouse062_20160526_18-56-26,Female_likely,v1,annotator6,annotator7
0,7,5,5,0,2,1.0,0.7142857142857143,0.8333333333333333,0.8400353868919952,Female_likely/Mouse062_20160526_18-56-26,Mouse062_20160526_18-56-26,Female_likely,v1,annotator6,annotator8
1,7,5,5,0,2,1.0,0.7142857142857143,0.8333333333333333,0.8893752832864916,Female_likely/Mouse062_20160526_18-56-26,Mouse062_20160526_18-56-26,Female_likely,v1,annotator6,annotator8
annotator_multi6,1,0,0,0,1,,0.0,,,Female_likely/Mouse062_20160526_18-56-26,Mouse062_20160526_18-56-26,Female_likely,v1,annotator6,annotator8
annotator_multi8,0,1,0,1,0,0.0,,,,Female_likely/Mouse062_20160526_18-56-26,Mouse062_20160526_18-56-26,Female_likely,v1,annotator6,annotator8
0,4,5,4,1,0,0.8,1.0,0.888888888888889,0.9412317647497006,Female_likely/Mouse062_20160526_18-56-26,Mouse062_20160526_18-56-26,Female_likely,v1,annotator7,annotator8
1,4,5,4,1,0,0.8,1.0,0.888888888888889,0.9589553057809542,Female_likely/Mouse062_20160526_18-56-26,Mouse062_20160526_18-56-26,Female_likely,v1,annotator7,annotator8
annotator_multi7,1,0,0,0,1,,0.0,,,Female_likely/Mouse062_20160526_18-56-26,Mouse062_20160526_18-56-26,Female_likely,v1,annotator7,annotator8
annotator_multi8,0,1,0,1,0,0.0,,,,Female_likely/Mouse062_20160526_18-56-26,Mouse062_20160526_18-56-26,Female_likely,v1,annotator7,annotator8
0,43,39,36,3,7,0.9230769230769231,0.8372093023255814,0.878048780487805,0.947617116812986,Female_likely/Mouse063_20160526_19-14-46,Mouse063_20160526_19-14-46,Female_likely,v1,annotator1,annotator2
1,42,38,35,3,7,0.9210526315789473,0.8333333333333334,0.875,0.8515628120204687,Female_likely/Mouse063_20160526_19-14-46,Mouse063_20160526_19-14-46,Female_likely,v1,annotator1,annotator2
annotator_multi1,1,0,0,0,1,,0.0,,,Female_likely/Mouse063_20160526_19-14-46,Mouse063_20160526_19-14-46,Female_likely,v1,annotator1,annotator2
annotator_multi2,0,1,0,1,0,0.0,,,,Female_likely/Mouse063_20160526_19-14-46,Mouse063_20160526_19-14-46,Female_likely,v1,annotator1,annotator2
0,43,42,39,3,4,0.9285714285714286,0.9069767441860465,0.9176470588235294,0.932840998890436,Female_likely/Mouse063_20160526_19-14-46,Mouse063_20160526_19-14-46,Female_likely,v1,annotator1,annotator3
1,42,41,34,7,8,0.8292682926829268,0.8095238095238095,0.8192771084337348,0.8216569249564971,Female_likely/Mouse063_20160526_19-14-46,Mouse063_20160526_19-14-46,Female_likely,v1,annotator1,annotator3
annotator_multi1,1,0,0,0,1,,0.0,,,Female_likely/Mouse063_20160526_19-14-46,Mouse063_20160526_19-14-46,Female_likely,v1,annotator1,annotator3
annotator_multi3,0,1,0,1,0,0.0,,,,Female_likely/Mouse063_20160526_19-14-46,Mouse063_20160526_19-14-46,Female_likely,v1,annotator1,annotator3
0,43,42,38,4,5,0.9047619047619048,0.8837209302325582,0.8941176470588236,0.9500823084825004,Female_likely/Mouse063_20160526_19-14-46,Mouse063_20160526_19-14-46,Female_likely,v1,annotator1,annotator4
1,42,41,37,4,5,0.9024390243902439,0.8809523809523809,0.8915662650602411,0.793643962997207,Female_likely/Mouse063_20160526_19-14-46,Mouse063_20160526_19-14-46,Female_likely,v1,annotator1,annotator4
annotator_multi1,1,0,0,0,1,,0.0,,,Female_likely/Mouse063_20160526_19-14-46,Mouse063_20160526_19-14-46,Female_likely,v1,annotator1,annotator4
annotator_multi4,0,1,0,1,0,0.0,,,,Female_likely/Mouse063_20160526_19-14-46,Mouse063_20160526_19-14-46,Female_likely,v1,annotator1,annotator4
0,43,37,37,0,6,1.0,0.8604651162790697,0.9249999999999999,0.9367563659810282,Female_likely/Mouse063_20160526_19-14-46,Mouse063_20160526_19-14-46,Female_likely,v1,annotator1,annotator5
1,42,36,35,1,7,0.9722222222222222,0.8333333333333334,0.8974358974358975,0.8542145580681924,Female_likely/Mouse063_20160526_19-14-46,Mouse063_20160526_19-14-46,Female_likely,v1,annotator1,annotator5
annotator_multi1,1,0,0,0,1,,0.0,,,Female_likely/Mouse063_20160526_19-14-46,Mouse063_20160526_19-14-46,Female_likely,v1,annotator1,annotator5
annotator_multi5,0,1,0,1,0,0.0,,,,Female_likely/Mouse063_20160526_19-14-46,Mouse063_20160526_19-14-46,Female_likely,v1,annotator1,annotator5
0,43,38,38,0,5,1.0,0.8837209302325582,0.9382716049382717,0.936031264843296,Female_likely/Mouse063_20160526_19-14-46,Mouse063_20160526_19-14-46,Female_likely,v1,annotator1,annotator6
1,42,37,35,2,7,0.9459459459459459,0.8333333333333334,0.8860759493670887,0.8465355518881902,Female_likely/Mouse063_20160526_19-14-46,Mouse063_20160526_19-14-46,Female_likely,v1,annotator1,annotator6
annotator_multi1,1,0,0,0,1,,0.0,,,Female_likely/Mouse063_20160526_19-14-46,Mouse063_20160526_19-14-46,Female_likely,v1,annotator1,annotator6
annotator_multi6,0,1,0,1,0,0.0,,,,Female_likely/Mouse063_20160526_19-14-46,Mouse063_20160526_19-14-46,Female_likely,v1,annotator1,annotator6
0,43,16,12,4,31,0.75,0.27906976744186046,0.4067796610169491,0.9046433176373814,Female_likely/Mouse063_20160526_19-14-46,Mouse063_20160526_19-14-46,Female_likely,v1,annotator1,annotator7
1,42,15,15,0,27,1.0,0.35714285714285715,0.5263157894736842,0.863416432617893,Female_likely/Mouse063_20160526_19-14-46,Mouse063_20160526_19-14-46,Female_likely,v1,annotator1,annotator7
annotator_multi1,1,0,0,0,1,,0.0,,,Female_likely/Mouse063_20160526_19-14-46,Mouse063_20160526_19-14-46,Female_likely,v1,annotator1,annotator7
annotator_multi7,0,1,0,1,0,0.0,,,,Female_likely/Mouse063_20160526_19-14-46,Mouse063_20160526_19-14-46,Female_likely,v1,annotator1,annotator7
0,43,30,30,0,13,1.0,0.6976744186046512,0.8219178082191781,0.8708754550475533,Female_likely/Mouse063_20160526_19-14-46,Mouse063_20160526_19-14-46,Female_likely,v1,annotator1,annotator8
1,42,29,22,7,20,0.7586206896551724,0.5238095238095238,0.6197183098591549,0.767137075342983,Female_likely/Mouse063_20160526_19-14-46,Mouse063_20160526_19-14-46,Female_likely,v1,annotator1,annotator8
annotator_multi1,1,0,0,0,1,,0.0,,,Female_likely/Mouse063_20160526_19-14-46,Mouse063_20160526_19-14-46,Female_likely,v1,annotator1,annotator8
annotator_multi8,0,1,0,1,0,0.0,,,,Female_likely/Mouse063_20160526_19-14-46,Mouse063_20160526_19-14-46,Female_likely,v1,annotator1,annotator8
0,39,42,37,5,2,0.8809523809523809,0.9487179487179487,0.9135802469135802,0.9559986983157045,Female_likely/Mouse063_20160526_19-14-46,Mouse063_20160526_19-14-46,Female_likely,v1,annotator2,annotator3
1,38,41,31,10,7,0.7560975609756098,0.8157894736842105,0.7848101265822786,0.8160889437032296,Female_likely/Mouse063_20160526_19-14-46,Mouse063_20160526_19-14-46,Female_likely,v1,annotator2,annotator3
annotator_multi2,1,0,0,0,1,,0.0,,,Female_likely/Mouse063_20160526_19-14-46,Mouse063_20160526_19-14-46,Female_likely,v1,annotator2,annotator3
annotator_multi3,0,1,0,1,0,0.0,,,,Female_likely/Mouse063_20160526_19-14-46,Mouse063_20160526_19-14-46,Female_likely,v1,annotator2,annotator3
0,39,42,38,4,1,0.9047619047619048,0.9743589743589743,0.9382716049382716,0.9376728805023898,Female_likely/Mouse063_20160526_19-14-46,Mouse063_20160526_19-14-46,Female_likely,v1,annotator2,annotator4
1,38,41,38,3,0,0.926829268292683,1.0,0.9620253164556963,0.8293442888432841,Female_likely/Mouse063_20160526_19-14-46,Mouse063_20160526_19-14-46,Female_likely,v1,annotator2,annotator4
annotator_multi2,1,0,0,0,1,,0.0,,,Female_likely/Mouse063_20160526_19-14-46,Mouse063_20160526_19-14-46,Female_likely,v1,annotator2,annotator4
annotator_multi4,0,1,0,1,0,0.0,,,,Female_likely/Mouse063_20160526_19-14-46,Mouse063_20160526_19-14-46,Female_likely,v1,annotator2,annotator4
0,39,37,35,2,4,0.9459459459459459,0.8974358974358975,0.9210526315789475,0.9309781294597979,Female_likely/Mouse063_20160526_19-14-46,Mouse063_20160526_19-14-46,Female_likely,v1,annotator2,annotator5
1,38,36,32,4,6,0.8888888888888888,0.8421052631578947,0.8648648648648649,0.8184899965889777,Female_likely/Mouse063_20160526_19-14-46,Mouse063_20160526_19-14-46,Female_likely,v1,annotator2,annotator5
annotator_multi2,1,0,0,0,1,,0.0,,,Female_likely/Mouse063_20160526_19-14-46,Mouse063_20160526_19-14-46,Female_likely,v1,annotator2,annotator5
annotator_multi5,0,1,0,1,0,0.0,,,,Female_likely/Mouse063_20160526_19-14-46,Mouse063_20160526_19-14-46,Female_likely,v1,annotator2,annotator5
0,39,38,35,3,4,0.9210526315789473,0.8974358974358975,0.9090909090909091,0.9327881681048037,Female_likely/Mouse063_20160526_19-14-46,Mouse063_20160526_19-14-46,Female_likely,v1,annotator2,annotator6
1,38,37,32,5,6,0.8648648648648649,0.8421052631578947,0.8533333333333334,0.8355739781672069,Female_likely/Mouse063_20160526_19-14-46,Mouse063_20160526_19-14-46,Female_likely,v1,annotator2,annotator6
annotator_multi2,1,0,0,0,1,,0.0,,,Female_likely/Mouse063_20160526_19-14-46,Mouse063_20160526_19-14-46,Female_likely,v1,annotator2,annotator6
annotator_multi6,0,1,0,1,0,0.0,,,,Female_likely/Mouse063_20160526_19-14-46,Mouse063_20160526_19-14-46,Female_likely,v1,annotator2,annotator6
0,39,16,13,3,26,0.8125,0.3333333333333333,0.4727272727272727,0.8800994093475085,Female_likely/Mouse063_20160526_19-14-46,Mouse063_20160526_19-14-46,Female_likely,v1,annotator2,annotator7
1,38,15,15,0,23,1.0,0.39473684210526316,0.5660377358490566,0.8384481068850331,Female_likely/Mouse063_20160526_19-14-46,Mouse063_20160526_19-14-46,Female_likely,v1,annotator2,annotator7
annotator_multi2,1,0,0,0,1,,0.0,,,Female_likely/Mouse063_20160526_19-14-46,Mouse063_20160526_19-14-46,Female_likely,v1,annotator2,annotator7
annotator_multi7,0,1,0,1,0,0.0,,,,Female_likely/Mouse063_20160526_19-14-46,Mouse063_20160526_19-14-46,Female_likely,v1,annotator2,annotator7
0,39,30,30,0,9,1.0,0.7692307692307693,0.8695652173913044,0.8784180105337487,Female_likely/Mouse063_20160526_19-14-46,Mouse063_20160526_19-14-46,Female_likely,v1,annotator2,annotator8
1,38,29,21,8,17,0.7241379310344828,0.5526315789473685,0.6268656716417911,0.7257613191963544,Female_likely/Mouse063_20160526_19-14-46,Mouse063_20160526_19-14-46,Female_likely,v1,annotator2,annotator8
annotator_multi2,1,0,0,0,1,,0.0,,,Female_likely/Mouse063_20160526_19-14-46,Mouse063_20160526_19-14-46,Female_likely,v1,annotator2,annotator8
annotator_multi8,0,1,0,1,0,0.0,,,,Female_likely/Mouse063_20160526_19-14-46,Mouse063_20160526_19-14-46,Female_likely,v1,annotator2,annotator8
0,42,42,38,4,4,0.9047619047619048,0.9047619047619048,0.9047619047619048,0.9378313647010672,Female_likely/Mouse063_20160526_19-14-46,Mouse063_20160526_19-14-46,Female_likely,v1,annotator3,annotator4
1,41,41,31,10,10,0.7560975609756098,0.7560975609756098,0.7560975609756099,0.7575981791720577,Female_likely/Mouse063_20160526_19-14-46,Mouse063_20160526_19-14-46,Female_likely,v1,annotator3,annotator4
annotator_multi3,1,0,0,0,1,,0.0,,,Female_likely/Mouse063_20160526_19-14-46,Mouse063_20160526_19-14-46,Female_likely,v1,annotator3,annotator4
annotator_multi4,0,1,0,1,0,0.0,,,,Female_likely/Mouse063_20160526_19-14-46,Mouse063_20160526_19-14-46,Female_likely,v1,annotator3,annotator4
0,42,37,36,1,6,0.972972972972973,0.8571428571428571,0.9113924050632912,0.9395227369148369,Female_likely/Mouse063_20160526_19-14-46,Mouse063_20160526_19-14-46,Female_likely,v1,annotator3,annotator5
1,41,36,32,4,9,0.8888888888888888,0.7804878048780488,0.8311688311688312,0.8006380758333895,Female_likely/Mouse063_20160526_19-14-46,Mouse063_20160526_19-14-46,Female_likely,v1,annotator3,annotator5
annotator_multi3,1,0,0,0,1,,0.0,,,Female_likely/Mouse063_20160526_19-14-46,Mouse063_20160526_19-14-46,Female_likely,v1,annotator3,annotator5
annotator_multi5,0,1,0,1,0,0.0,,,,Female_likely/Mouse063_20160526_19-14-46,Mouse063_20160526_19-14-46,Female_likely,v1,annotator3,annotator5
0,42,38,37,1,5,0.9736842105263158,0.8809523809523809,0.925,0.9279221885734888,Female_likely/Mouse063_20160526_19-14-46,Mouse063_20160526_19-14-46,Female_likely,v1,annotator3,annotator6
1,41,37,32,5,9,0.8648648648648649,0.7804878048780488,0.8205128205128206,0.8072343352086867,Female_likely/Mouse063_20160526_19-14-46,Mouse063_20160526_19-14-46,Female_likely,v1,annotator3,annotator6
annotator_multi3,1,0,0,0,1,,0.0,,,Female_likely/Mouse063_20160526_19-14-46,Mouse063_20160526_19-14-46,Female_likely,v1,annotator3,annotator6
annotator_multi6,0,1,0,1,0,0.0,,,,Female_likely/Mouse063_20160526_19-14-46,Mouse063_20160526_19-14-46,Female_likely,v1,annotator3,annotator6
0,42,16,13,3,29,0.8125,0.30952380952380953,0.4482758620689655,0.8778144240925218,Female_likely/Mouse063_20160526_19-14-46,Mouse063_20160526_19-14-46,Female_likely,v1,annotator3,annotator7
1,41,15,14,1,27,0.9333333333333333,0.34146341463414637,0.5,0.883441245930468,Female_likely/Mouse063_20160526_19-14-46,Mouse063_20160526_19-14-46,Female_likely,v1,annotator3,annotator7
annotator_multi3,1,0,0,0,1,,0.0,,,Female_likely/Mouse063_20160526_19-14-46,Mouse063_20160526_19-14-46,Female_likely,v1,annotator3,annotator7
annotator_multi7,0,1,0,1,0,0.0,,,,Female_likely/Mouse063_20160526_19-14-46,Mouse063_20160526_19-14-46,Female_likely,v1,annotator3,annotator7
0,42,30,30,0,12,1.0,0.7142857142857143,0.8333333333333333,0.8826617644241683,Female_likely/Mouse063_20160526_19-14-46,Mouse063_20160526_19-14-46,Female_likely,v1,annotator3,annotator8
1,41,29,20,9,21,0.6896551724137931,0.4878048780487805,0.5714285714285714,0.7342595172265823,Female_likely/Mouse063_20160526_19-14-46,Mouse063_20160526_19-14-46,Female_likely,v1,annotator3,annotator8
annotator_multi3,1,0,0,0,1,,0.0,,,Female_likely/Mouse063_20160526_19-14-46,Mouse063_20160526_19-14-46,Female_likely,v1,annotator3,annotator8
annotator_multi8,0,1,0,1,0,0.0,,,,Female_likely/Mouse063_20160526_19-14-46,Mouse063_20160526_19-14-46,Female_likely,v1,annotator3,annotator8
0,42,37,35,2,7,0.9459459459459459,0.8333333333333334,0.8860759493670887,0.9284159185123754,Female_likely/Mouse063_20160526_19-14-46,Mouse063_20160526_19-14-46,Female_likely,v1,annotator4,annotator5
1,41,36,33,3,8,0.9166666666666666,0.8048780487804879,0.8571428571428571,0.7791880282734401,Female_likely/Mouse063_20160526_19-14-46,Mouse063_20160526_19-14-46,Female_likely,v1,annotator4,annotator5
annotator_multi4,1,0,0,0,1,,0.0,,,Female_likely/Mouse063_20160526_19-14-46,Mouse063_20160526_19-14-46,Female_likely,v1,annotator4,annotator5
annotator_multi5,0,1,0,1,0,0.0,,,,Female_likely/Mouse063_20160526_19-14-46,Mouse063_20160526_19-14-46,Female_likely,v1,annotator4,annotator5
0,42,38,37,1,5,0.9736842105263158,0.8809523809523809,0.925,0.9391208172019526,Female_likely/Mouse063_20160526_19-14-46,Mouse063_20160526_19-14-46,Female_likely,v1,annotator4,annotator6
1,41,37,33,4,8,0.8918918918918919,0.8048780487804879,0.8461538461538461,0.8251787826177679,Female_likely/Mouse063_20160526_19-14-46,Mouse063_20160526_19-14-46,Female_likely,v1,annotator4,annotator6
annotator_multi4,1,0,0,0,1,,0.0,,,Female_likely/Mouse063_20160526_19-14-46,Mouse063_20160526_19-14-46,Female_likely,v1,annotator4,annotator6
annotator_multi6,0,1,0,1,0,0.0,,,,Female_likely/Mouse063_20160526_19-14-46,Mouse063_20160526_19-14-46,Female_likely,v1,annotator4,annotator6
0,42,16,12,4,30,0.75,0.2857142857142857,0.4137931034482759,0.8873849526282614,Female_likely/Mouse063_20160526_19-14-46,Mouse063_20160526_19-14-46,Female_likely,v1,annotator4,annotator7
1,41,15,15,0,26,1.0,0.36585365853658536,0.5357142857142857,0.7977178152240757,Female_likely/Mouse063_20160526_19-14-46,Mouse063_20160526_19-14-46,Female_likely,v1,annotator4,annotator7
annotator_multi4,1,0,0,0,1,,0.0,,,Female_likely/Mouse063_20160526_19-14-46,Mouse063_20160526_19-14-46,Female_likely,v1,annotator4,annotator7
annotator_multi7,0,1,0,1,0,0.0,,,,Female_likely/Mouse063_20160526_19-14-46,Mouse063_20160526_19-14-46,Female_likely,v1,annotator4,annotator7
0,42,30,29,1,13,0.9666666666666667,0.6904761904761905,0.8055555555555556,0.8685674204202213,Female_likely/Mouse063_20160526_19-14-46,Mouse063_20160526_19-14-46,Female_likely,v1,annotator4,annotator8
1,41,29,19,10,22,0.6551724137931034,0.4634146341463415,0.5428571428571429,0.7521616258835195,Female_likely/Mouse063_20160526_19-14-46,Mouse063_20160526_19-14-46,Female_likely,v1,annotator4,annotator8
annotator_multi4,1,0,0,0,1,,0.0,,,Female_likely/Mouse063_20160526_19-14-46,Mouse063_20160526_19-14-46,Female_likely,v1,annotator4,annotator8
annotator_multi8,0,1,0,1,0,0.0,,,,Female_likely/Mouse063_20160526_19-14-46,Mouse063_20160526_19-14-46,Female_likely,v1,annotator4,annotator8
0,37,38,36,2,1,0.9473684210526315,0.972972972972973,0.9599999999999999,0.9198126325689877,Female_likely/Mouse063_20160526_19-14-46,Mouse063_20160526_19-14-46,Female_likely,v1,annotator5,annotator6
1,36,37,33,4,3,0.8918918918918919,0.9166666666666666,0.9041095890410958,0.8220312476205692,Female_likely/Mouse063_20160526_19-14-46,Mouse063_20160526_19-14-46,Female_likely,v1,annotator5,annotator6
annotator_multi5,1,0,0,0,1,,0.0,,,Female_likely/Mouse063_20160526_19-14-46,Mouse063_20160526_19-14-46,Female_likely,v1,annotator5,annotator6
annotator_multi6,0,1,0,1,0,0.0,,,,Female_likely/Mouse063_20160526_19-14-46,Mouse063_20160526_19-14-46,Female_likely,v1,annotator5,annotator6
0,37,16,14,2,23,0.875,0.3783783783783784,0.5283018867924528,0.8557122990295747,Female_likely/Mouse063_20160526_19-14-46,Mouse063_20160526_19-14-46,Female_likely,v1,annotator5,annotator7
1,36,15,15,0,21,1.0,0.4166666666666667,0.5882352941176471,0.874858520910106,Female_likely/Mouse063_20160526_19-14-46,Mouse063_20160526_19-14-46,Female_likely,v1,annotator5,annotator7
annotator_multi5,1,0,0,0,1,,0.0,,,Female_likely/Mouse063_20160526_19-14-46,Mouse063_20160526_19-14-46,Female_likely,v1,annotator5,annotator7
annotator_multi7,0,1,0,1,0,0.0,,,,Female_likely/Mouse063_20160526_19-14-46,Mouse063_20160526_19-14-46,Female_likely,v1,annotator5,annotator7
0,37,30,30,0,7,1.0,0.8108108108108109,0.8955223880597014,0.9082417059667066,Female_likely/Mouse063_20160526_19-14-46,Mouse063_20160526_19-14-46,Female_likely,v1,annotator5,annotator8
1,36,29,23,6,13,0.7931034482758621,0.6388888888888888,0.7076923076923076,0.7901277491253365,Female_likely/Mouse063_20160526_19-14-46,Mouse063_20160526_19-14-46,Female_likely,v1,annotator5,annotator8
annotator_multi5,1,0,0,0,1,,0.0,,,Female_likely/Mouse063_20160526_19-14-46,Mouse063_20160526_19-14-46,Female_likely,v1,annotator5,annotator8
annotator_multi8,0,1,0,1,0,0.0,,,,Female_likely/Mouse063_20160526_19-14-46,Mouse063_20160526_19-14-46,Female_likely,v1,annotator5,annotator8
0,38,16,13,3,25,0.8125,0.34210526315789475,0.4814814814814815,0.8757112857452926,Female_likely/Mouse063_20160526_19-14-46,Mouse063_20160526_19-14-46,Female_likely,v1,annotator6,annotator7
1,37,15,15,0,22,1.0,0.40540540540540543,0.5769230769230769,0.8450956975420935,Female_likely/Mouse063_20160526_19-14-46,Mouse063_20160526_19-14-46,Female_likely,v1,annotator6,annotator7
annotator_multi6,1,0,0,0,1,,0.0,,,Female_likely/Mouse063_20160526_19-14-46,Mouse063_20160526_19-14-46,Female_likely,v1,annotator6,annotator7
annotator_multi7,0,1,0,1,0,0.0,,,,Female_likely/Mouse063_20160526_19-14-46,Mouse063_20160526_19-14-46,Female_likely,v1,annotator6,annotator7
0,38,30,30,0,8,1.0,0.7894736842105263,0.8823529411764706,0.8879251264108207,Female_likely/Mouse063_20160526_19-14-46,Mouse063_20160526_19-14-46,Female_likely,v1,annotator6,annotator8
1,37,29,22,7,15,0.7586206896551724,0.5945945945945946,0.6666666666666667,0.7593475953177528,Female_likely/Mouse063_20160526_19-14-46,Mouse063_20160526_19-14-46,Female_likely,v1,annotator6,annotator8
annotator_multi6,1,0,0,0,1,,0.0,,,Female_likely/Mouse063_20160526_19-14-46,Mouse063_20160526_19-14-46,Female_likely,v1,annotator6,annotator8
annotator_multi8,0,1,0,1,0,0.0,,,,Female_likely/Mouse063_20160526_19-14-46,Mouse063_20160526_19-14-46,Female_likely,v1,annotator6,annotator8
0,16,30,14,16,2,0.4666666666666667,0.875,0.608695652173913,0.8342417120249133,Female_likely/Mouse063_20160526_19-14-46,Mouse063_20160526_19-14-46,Female_likely,v1,annotator7,annotator8
1,15,29,12,17,3,0.41379310344827586,0.8,0.5454545454545454,0.8186111391925214,Female_likely/Mouse063_20160526_19-14-46,Mouse063_20160526_19-14-46,Female_likely,v1,annotator7,annotator8
annotator_multi7,1,0,0,0,1,,0.0,,,Female_likely/Mouse063_20160526_19-14-46,Mouse063_20160526_19-14-46,Female_likely,v1,annotator7,annotator8
annotator_multi8,0,1,0,1,0,0.0,,,,Female_likely/Mouse063_20160526_19-14-46,Mouse063_20160526_19-14-46,Female_likely,v1,annotator7,annotator8
0,18,17,17,0,1,1.0,0.9444444444444444,0.9714285714285714,0.909112794572299,Female_likely/Mouse163_20161018_18-22-45,Mouse163_20161018_18-22-45,Female_likely,v1,annotator1,annotator2
1,17,16,16,0,1,1.0,0.9411764705882353,0.9696969696969697,0.8004313993504272,Female_likely/Mouse163_20161018_18-22-45,Mouse163_20161018_18-22-45,Female_likely,v1,annotator1,annotator2
annotator_multi1,1,0,0,0,1,,0.0,,,Female_likely/Mouse163_20161018_18-22-45,Mouse163_20161018_18-22-45,Female_likely,v1,annotator1,annotator2
annotator_multi2,0,1,0,1,0,0.0,,,,Female_likely/Mouse163_20161018_18-22-45,Mouse163_20161018_18-22-45,Female_likely,v1,annotator1,annotator2
0,18,20,17,3,1,0.85,0.9444444444444444,0.8947368421052632,0.9544128124588328,Female_likely/Mouse163_20161018_18-22-45,Mouse163_20161018_18-22-45,Female_likely,v1,annotator1,annotator3
1,17,19,15,4,2,0.7894736842105263,0.8823529411764706,0.8333333333333333,0.84768822572865,Female_likely/Mouse163_20161018_18-22-45,Mouse163_20161018_18-22-45,Female_likely,v1,annotator1,annotator3
annotator_multi1,1,0,0,0,1,,0.0,,,Female_likely/Mouse163_20161018_18-22-45,Mouse163_20161018_18-22-45,Female_likely,v1,annotator1,annotator3
annotator_multi3,0,1,0,1,0,0.0,,,,Female_likely/Mouse163_20161018_18-22-45,Mouse163_20161018_18-22-45,Female_likely,v1,annotator1,annotator3
0,18,16,16,0,2,1.0,0.8888888888888888,0.9411764705882353,0.915023800408177,Female_likely/Mouse163_20161018_18-22-45,Mouse163_20161018_18-22-45,Female_likely,v1,annotator1,annotator4
1,17,15,13,2,4,0.8666666666666667,0.7647058823529411,0.8125,0.8274076290048245,Female_likely/Mouse163_20161018_18-22-45,Mouse163_20161018_18-22-45,Female_likely,v1,annotator1,annotator4
annotator_multi1,1,0,0,0,1,,0.0,,,Female_likely/Mouse163_20161018_18-22-45,Mouse163_20161018_18-22-45,Female_likely,v1,annotator1,annotator4
annotator_multi4,0,1,0,1,0,0.0,,,,Female_likely/Mouse163_20161018_18-22-45,Mouse163_20161018_18-22-45,Female_likely,v1,annotator1,annotator4
0,18,3,2,1,16,0.6666666666666666,0.1111111111111111,0.1904761904761905,0.7142120975193689,Female_likely/Mouse163_20161018_18-22-45,Mouse163_20161018_18-22-45,Female_likely,v1,annotator1,annotator5
1,17,2,0,2,17,0.0,0.0,,,Female_likely/Mouse163_20161018_18-22-45,Mouse163_20161018_18-22-45,Female_likely,v1,annotator1,annotator5
annotator_multi1,1,0,0,0,1,,0.0,,,Female_likely/Mouse163_20161018_18-22-45,Mouse163_20161018_18-22-45,Female_likely,v1,annotator1,annotator5
annotator_multi5,0,1,0,1,0,0.0,,,,Female_likely/Mouse163_20161018_18-22-45,Mouse163_20161018_18-22-45,Female_likely,v1,annotator1,annotator5
0,18,16,16,0,2,1.0,0.8888888888888888,0.9411764705882353,0.8948114688447082,Female_likely/Mouse163_20161018_18-22-45,Mouse163_20161018_18-22-45,Female_likely,v1,annotator1,annotator6
1,17,15,14,1,3,0.9333333333333333,0.8235294117647058,0.8749999999999999,0.8113383832895196,Female_likely/Mouse163_20161018_18-22-45,Mouse163_20161018_18-22-45,Female_likely,v1,annotator1,annotator6
annotator_multi1,1,0,0,0,1,,0.0,,,Female_likely/Mouse163_20161018_18-22-45,Mouse163_20161018_18-22-45,Female_likely,v1,annotator1,annotator6
annotator_multi6,0,1,0,1,0,0.0,,,,Female_likely/Mouse163_20161018_18-22-45,Mouse163_20161018_18-22-45,Female_likely,v1,annotator1,annotator6
0,18,6,4,2,14,0.6666666666666666,0.2222222222222222,0.3333333333333333,0.8944066860313604,Female_likely/Mouse163_20161018_18-22-45,Mouse163_20161018_18-22-45,Female_likely,v1,annotator1,annotator7
1,17,5,5,0,12,1.0,0.29411764705882354,0.45454545454545453,0.9429206663360106,Female_likely/Mouse163_20161018_18-22-45,Mouse163_20161018_18-22-45,Female_likely,v1,annotator1,annotator7
annotator_multi1,1,0,0,0,1,,0.0,,,Female_likely/Mouse163_20161018_18-22-45,Mouse163_20161018_18-22-45,Female_likely,v1,annotator1,annotator7
annotator_multi7,0,1,0,1,0,0.0,,,,Female_likely/Mouse163_20161018_18-22-45,Mouse163_20161018_18-22-45,Female_likely,v1,annotator1,annotator7
0,18,16,15,1,3,0.9375,0.8333333333333334,0.8823529411764706,0.8051505802326946,Female_likely/Mouse163_20161018_18-22-45,Mouse163_20161018_18-22-45,Female_likely,v1,annotator1,annotator8
1,17,15,9,6,8,0.6,0.5294117647058824,0.5625,0.6814506028366745,Female_likely/Mouse163_20161018_18-22-45,Mouse163_20161018_18-22-45,Female_likely,v1,annotator1,annotator8
annotator_multi1,1,0,0,0,1,,0.0,,,Female_likely/Mouse163_20161018_18-22-45,Mouse163_20161018_18-22-45,Female_likely,v1,annotator1,annotator8
annotator_multi8,0,1,0,1,0,0.0,,,,Female_likely/Mouse163_20161018_18-22-45,Mouse163_20161018_18-22-45,Female_likely,v1,annotator1,annotator8
0,17,20,16,4,1,0.8,0.9411764705882353,0.8648648648648648,0.9217618717278271,Female_likely/Mouse163_20161018_18-22-45,Mouse163_20161018_18-22-45,Female_likely,v1,annotator2,annotator3
1,16,19,14,5,2,0.7368421052631579,0.875,0.7999999999999999,0.8232607258514433,Female_likely/Mouse163_20161018_18-22-45,Mouse163_20161018_18-22-45,Female_likely,v1,annotator2,annotator3
annotator_multi2,1,0,0,0,1,,0.0,,,Female_likely/Mouse163_20161018_18-22-45,Mouse163_20161018_18-22-45,Female_likely,v1,annotator2,annotator3
annotator_multi3,0,1,0,1,0,0.0,,,,Female_likely/Mouse163_20161018_18-22-45,Mouse163_20161018_18-22-45,Female_likely,v1,annotator2,annotator3
0,17,16,15,1,2,0.9375,0.8823529411764706,0.9090909090909091,0.9176583655477846,Female_likely/Mouse163_20161018_18-22-45,Mouse163_20161018_18-22-45,Female_likely,v1,annotator2,annotator4
1,16,15,13,2,3,0.8666666666666667,0.8125,0.8387096774193549,0.8687959283805916,Female_likely/Mouse163_20161018_18-22-45,Mouse163_20161018_18-22-45,Female_likely,v1,annotator2,annotator4
annotator_multi2,1,0,0,0,1,,0.0,,,Female_likely/Mouse163_20161018_18-22-45,Mouse163_20161018_18-22-45,Female_likely,v1,annotator2,annotator4
annotator_multi4,0,1,0,1,0,0.0,,,,Female_likely/Mouse163_20161018_18-22-45,Mouse163_20161018_18-22-45,Female_likely,v1,annotator2,annotator4
0,17,3,2,1,15,0.6666666666666666,0.11764705882352941,0.2,0.7216718607186512,Female_likely/Mouse163_20161018_18-22-45,Mouse163_20161018_18-22-45,Female_likely,v1,annotator2,annotator5
1,16,2,0,2,16,0.0,0.0,,,Female_likely/Mouse163_20161018_18-22-45,Mouse163_20161018_18-22-45,Female_likely,v1,annotator2,annotator5
annotator_multi2,1,0,0,0,1,,0.0,,,Female_likely/Mouse163_20161018_18-22-45,Mouse163_20161018_18-22-45,Female_likely,v1,annotator2,annotator5
annotator_multi5,0,1,0,1,0,0.0,,,,Female_likely/Mouse163_20161018_18-22-45,Mouse163_20161018_18-22-45,Female_likely,v1,annotator2,annotator5
0,17,16,16,0,1,1.0,0.9411764705882353,0.9696969696969697,0.9151127306878744,Female_likely/Mouse163_20161018_18-22-45,Mouse163_20161018_18-22-45,Female_likely,v1,annotator2,annotator6
1,16,15,14,1,2,0.9333333333333333,0.875,0.9032258064516129,0.8788792870205162,Female_likely/Mouse163_20161018_18-22-45,Mouse163_20161018_18-22-45,Female_likely,v1,annotator2,annotator6
annotator_multi2,1,0,0,0,1,,0.0,,,Female_likely/Mouse163_20161018_18-22-45,Mouse163_20161018_18-22-45,Female_likely,v1,annotator2,annotator6
annotator_multi6,0,1,0,1,0,0.0,,,,Female_likely/Mouse163_20161018_18-22-45,Mouse163_20161018_18-22-45,Female_likely,v1,annotator2,annotator6
0,17,6,4,2,13,0.6666666666666666,0.23529411764705882,0.3478260869565218,0.8579749118472093,Female_likely/Mouse163_20161018_18-22-45,Mouse163_20161018_18-22-45,Female_likely,v1,annotator2,annotator7
1,16,5,5,0,11,1.0,0.3125,0.47619047619047616,0.8308451865594723,Female_likely/Mouse163_20161018_18-22-45,Mouse163_20161018_18-22-45,Female_likely,v1,annotator2,annotator7
annotator_multi2,1,0,0,0,1,,0.0,,,Female_likely/Mouse163_20161018_18-22-45,Mouse163_20161018_18-22-45,Female_likely,v1,annotator2,annotator7
annotator_multi7,0,1,0,1,0,0.0,,,,Female_likely/Mouse163_20161018_18-22-45,Mouse163_20161018_18-22-45,Female_likely,v1,annotator2,annotator7
0,17,16,14,2,3,0.875,0.8235294117647058,0.8484848484848485,0.8060596047664126,Female_likely/Mouse163_20161018_18-22-45,Mouse163_20161018_18-22-45,Female_likely,v1,annotator2,annotator8
1,16,15,7,8,9,0.4666666666666667,0.4375,0.45161290322580644,0.703186786445124,Female_likely/Mouse163_20161018_18-22-45,Mouse163_20161018_18-22-45,Female_likely,v1,annotator2,annotator8
annotator_multi2,1,0,0,0,1,,0.0,,,Female_likely/Mouse163_20161018_18-22-45,Mouse163_20161018_18-22-45,Female_likely,v1,annotator2,annotator8
annotator_multi8,0,1,0,1,0,0.0,,,,Female_likely/Mouse163_20161018_18-22-45,Mouse163_20161018_18-22-45,Female_likely,v1,annotator2,annotator8
0,20,16,16,0,4,1.0,0.8,0.888888888888889,0.9107195049109813,Female_likely/Mouse163_20161018_18-22-45,Mouse163_20161018_18-22-45,Female_likely,v1,annotator3,annotator4
1,19,15,12,3,7,0.8,0.631578947368421,0.7058823529411765,0.8151396335932507,Female_likely/Mouse163_20161018_18-22-45,Mouse163_20161018_18-22-45,Female_likely,v1,annotator3,annotator4
annotator_multi3,1,0,0,0,1,,0.0,,,Female_likely/Mouse163_20161018_18-22-45,Mouse163_20161018_18-22-45,Female_likely,v1,annotator3,annotator4
annotator_multi4,0,1,0,1,0,0.0,,,,Female_likely/Mouse163_20161018_18-22-45,Mouse163_20161018_18-22-45,Female_likely,v1,annotator3,annotator4
0,20,3,2,1,18,0.6666666666666666,0.1,0.1739130434782609,0.7111335693235614,Female_likely/Mouse163_20161018_18-22-45,Mouse163_20161018_18-22-45,Female_likely,v1,annotator3,annotator5
1,19,2,0,2,19,0.0,0.0,,,Female_likely/Mouse163_20161018_18-22-45,Mouse163_20161018_18-22-45,Female_likely,v1,annotator3,annotator5
annotator_multi3,1,0,0,0,1,,0.0,,,Female_likely/Mouse163_20161018_18-22-45,Mouse163_20161018_18-22-45,Female_likely,v1,annotator3,annotator5
annotator_multi5,0,1,0,1,0,0.0,,,,Female_likely/Mouse163_20161018_18-22-45,Mouse163_20161018_18-22-45,Female_likely,v1,annotator3,annotator5
0,20,16,15,1,5,0.9375,0.75,0.8333333333333334,0.908064701867282,Female_likely/Mouse163_20161018_18-22-45,Mouse163_20161018_18-22-45,Female_likely,v1,annotator3,annotator6
1,19,15,13,2,6,0.8666666666666667,0.6842105263157895,0.7647058823529413,0.8317110748141734,Female_likely/Mouse163_20161018_18-22-45,Mouse163_20161018_18-22-45,Female_likely,v1,annotator3,annotator6
annotator_multi3,1,0,0,0,1,,0.0,,,Female_likely/Mouse163_20161018_18-22-45,Mouse163_20161018_18-22-45,Female_likely,v1,annotator3,annotator6
annotator_multi6,0,1,0,1,0,0.0,,,,Female_likely/Mouse163_20161018_18-22-45,Mouse163_20161018_18-22-45,Female_likely,v1,annotator3,annotator6
0,20,6,4,2,16,0.6666666666666666,0.2,0.30769230769230765,0.8750465634986316,Female_likely/Mouse163_20161018_18-22-45,Mouse163_20161018_18-22-45,Female_likely,v1,annotator3,annotator7
1,19,5,5,0,14,1.0,0.2631578947368421,0.4166666666666667,0.8915980151274269,Female_likely/Mouse163_20161018_18-22-45,Mouse163_20161018_18-22-45,Female_likely,v1,annotator3,annotator7
annotator_multi3,1,0,0,0,1,,0.0,,,Female_likely/Mouse163_20161018_18-22-45,Mouse163_20161018_18-22-45,Female_likely,v1,annotator3,annotator7
annotator_multi7,0,1,0,1,0,0.0,,,,Female_likely/Mouse163_20161018_18-22-45,Mouse163_20161018_18-22-45,Female_likely,v1,annotator3,annotator7
0,20,16,14,2,6,0.875,0.7,0.7777777777777777,0.8136596702698266,Female_likely/Mouse163_20161018_18-22-45,Mouse163_20161018_18-22-45,Female_likely,v1,annotator3,annotator8
1,19,15,6,9,13,0.4,0.3157894736842105,0.35294117647058826,0.7014299571849075,Female_likely/Mouse163_20161018_18-22-45,Mouse163_20161018_18-22-45,Female_likely,v1,annotator3,annotator8
annotator_multi3,1,0,0,0,1,,0.0,,,Female_likely/Mouse163_20161018_18-22-45,Mouse163_20161018_18-22-45,Female_likely,v1,annotator3,annotator8
annotator_multi8,0,1,0,1,0,0.0,,,,Female_likely/Mouse163_20161018_18-22-45,Mouse163_20161018_18-22-45,Female_likely,v1,annotator3,annotator8
0,16,3,2,1,14,0.6666666666666666,0.125,0.21052631578947367,0.7137784612460529,Female_likely/Mouse163_20161018_18-22-45,Mouse163_20161018_18-22-45,Female_likely,v1,annotator4,annotator5
1,15,2,0,2,15,0.0,0.0,,,Female_likely/Mouse163_20161018_18-22-45,Mouse163_20161018_18-22-45,Female_likely,v1,annotator4,annotator5
annotator_multi4,1,0,0,0,1,,0.0,,,Female_likely/Mouse163_20161018_18-22-45,Mouse163_20161018_18-22-45,Female_likely,v1,annotator4,annotator5
annotator_multi5,0,1,0,1,0,0.0,,,,Female_likely/Mouse163_20161018_18-22-45,Mouse163_20161018_18-22-45,Female_likely,v1,annotator4,annotator5
0,16,16,15,1,1,0.9375,0.9375,0.9375,0.9482077865600119,Female_likely/Mouse163_20161018_18-22-45,Mouse163_20161018_18-22-45,Female_likely,v1,annotator4,annotator6
1,15,15,12,3,3,0.8,0.8,0.8000000000000002,0.8168989142767292,Female_likely/Mouse163_20161018_18-22-45,Mouse163_20161018_18-22-45,Female_likely,v1,annotator4,annotator6
annotator_multi4,1,0,0,0,1,,0.0,,,Female_likely/Mouse163_20161018_18-22-45,Mouse163_20161018_18-22-45,Female_likely,v1,annotator4,annotator6
annotator_multi6,0,1,0,1,0,0.0,,,,Female_likely/Mouse163_20161018_18-22-45,Mouse163_20161018_18-22-45,Female_likely,v1,annotator4,annotator6
0,16,6,5,1,11,0.8333333333333334,0.3125,0.45454545454545453,0.8432260313742365,Female_likely/Mouse163_20161018_18-22-45,Mouse163_20161018_18-22-45,Female_likely,v1,annotator4,annotator7
1,15,5,5,0,10,1.0,0.3333333333333333,0.5,0.8313880183898668,Female_likely/Mouse163_20161018_18-22-45,Mouse163_20161018_18-22-45,Female_likely,v1,annotator4,annotator7
annotator_multi4,1,0,0,0,1,,0.0,,,Female_likely/Mouse163_20161018_18-22-45,Mouse163_20161018_18-22-45,Female_likely,v1,annotator4,annotator7
annotator_multi7,0,1,0,1,0,0.0,,,,Female_likely/Mouse163_20161018_18-22-45,Mouse163_20161018_18-22-45,Female_likely,v1,annotator4,annotator7
0,16,16,14,2,2,0.875,0.875,0.875,0.835449058648657,Female_likely/Mouse163_20161018_18-22-45,Mouse163_20161018_18-22-45,Female_likely,v1,annotator4,annotator8
1,15,15,6,9,9,0.4,0.4,0.4000000000000001,0.7299947007948426,Female_likely/Mouse163_20161018_18-22-45,Mouse163_20161018_18-22-45,Female_likely,v1,annotator4,annotator8
annotator_multi4,1,0,0,0,1,,0.0,,,Female_likely/Mouse163_20161018_18-22-45,Mouse163_20161018_18-22-45,Female_likely,v1,annotator4,annotator8
annotator_multi8,0,1,0,1,0,0.0,,,,Female_likely/Mouse163_20161018_18-22-45,Mouse163_20161018_18-22-45,Female_likely,v1,annotator4,annotator8
0,3,16,2,14,1,0.125,0.6666666666666666,0.21052631578947367,0.7133875308316666,Female_likely/Mouse163_20161018_18-22-45,Mouse163_20161018_18-22-45,Female_likely,v1,annotator5,annotator6
1,2,15,0,15,2,0.0,0.0,,,Female_likely/Mouse163_20161018_18-22-45,Mouse163_20161018_18-22-45,Female_likely,v1,annotator5,annotator6
annotator_multi5,1,0,0,0,1,,0.0,,,Female_likely/Mouse163_20161018_18-22-45,Mouse163_20161018_18-22-45,Female_likely,v1,annotator5,annotator6
annotator_multi6,0,1,0,1,0,0.0,,,,Female_likely/Mouse163_20161018_18-22-45,Mouse163_20161018_18-22-45,Female_likely,v1,annotator5,annotator6
0,3,6,2,4,1,0.3333333333333333,0.6666666666666666,0.4444444444444444,0.581224281918456,Female_likely/Mouse163_20161018_18-22-45,Mouse163_20161018_18-22-45,Female_likely,v1,annotator5,annotator7
1,2,5,0,5,2,0.0,0.0,,,Female_likely/Mouse163_20161018_18-22-45,Mouse163_20161018_18-22-45,Female_likely,v1,annotator5,annotator7
annotator_multi5,1,0,0,0,1,,0.0,,,Female_likely/Mouse163_20161018_18-22-45,Mouse163_20161018_18-22-45,Female_likely,v1,annotator5,annotator7
annotator_multi7,0,1,0,1,0,0.0,,,,Female_likely/Mouse163_20161018_18-22-45,Mouse163_20161018_18-22-45,Female_likely,v1,annotator5,annotator7
0,3,16,2,14,1,0.125,0.6666666666666666,0.21052631578947367,0.6201715145337041,Female_likely/Mouse163_20161018_18-22-45,Mouse163_20161018_18-22-45,Female_likely,v1,annotator5,annotator8
1,2,15,0,15,2,0.0,0.0,,,Female_likely/Mouse163_20161018_18-22-45,Mouse163_20161018_18-22-45,Female_likely,v1,annotator5,annotator8
annotator_multi5,1,0,0,0,1,,0.0,,,Female_likely/Mouse163_20161018_18-22-45,Mouse163_20161018_18-22-45,Female_likely,v1,annotator5,annotator8
annotator_multi8,0,1,0,1,0,0.0,,,,Female_likely/Mouse163_20161018_18-22-45,Mouse163_20161018_18-22-45,Female_likely,v1,annotator5,annotator8
0,16,6,5,1,11,0.8333333333333334,0.3125,0.45454545454545453,0.8162234887215527,Female_likely/Mouse163_20161018_18-22-45,Mouse163_20161018_18-22-45,Female_likely,v1,annotator6,annotator7
1,15,5,5,0,10,1.0,0.3333333333333333,0.5,0.8428775410362755,Female_likely/Mouse163_20161018_18-22-45,Mouse163_20161018_18-22-45,Female_likely,v1,annotator6,annotator7
annotator_multi6,1,0,0,0,1,,0.0,,,Female_likely/Mouse163_20161018_18-22-45,Mouse163_20161018_18-22-45,Female_likely,v1,annotator6,annotator7
annotator_multi7,0,1,0,1,0,0.0,,,,Female_likely/Mouse163_20161018_18-22-45,Mouse163_20161018_18-22-45,Female_likely,v1,annotator6,annotator7
0,16,16,14,2,2,0.875,0.875,0.875,0.8486685172562899,Female_likely/Mouse163_20161018_18-22-45,Mouse163_20161018_18-22-45,Female_likely,v1,annotator6,annotator8
1,15,15,8,7,7,0.5333333333333333,0.5333333333333333,0.5333333333333333,0.7111758096883769,Female_likely/Mouse163_20161018_18-22-45,Mouse163_20161018_18-22-45,Female_likely,v1,annotator6,annotator8
annotator_multi6,1,0,0,0,1,,0.0,,,Female_likely/Mouse163_20161018_18-22-45,Mouse163_20161018_18-22-45,Female_likely,v1,annotator6,annotator8
annotator_multi8,0,1,0,1,0,0.0,,,,Female_likely/Mouse163_20161018_18-22-45,Mouse163_20161018_18-22-45,Female_likely,v1,annotator6,annotator8
0,6,16,5,11,1,0.3125,0.8333333333333334,0.45454545454545453,0.7806293032385186,Female_likely/Mouse163_20161018_18-22-45,Mouse163_20161018_18-22-45,Female_likely,v1,annotator7,annotator8
1,5,15,5,10,0,0.3333333333333333,1.0,0.5,0.6984625909182649,Female_likely/Mouse163_20161018_18-22-45,Mouse163_20161018_18-22-45,Female_likely,v1,annotator7,annotator8
annotator_multi7,1,0,0,0,1,,0.0,,,Female_likely/Mouse163_20161018_18-22-45,Mouse163_20161018_18-22-45,Female_likely,v1,annotator7,annotator8
annotator_multi8,0,1,0,1,0,0.0,,,,Female_likely/Mouse163_20161018_18-22-45,Mouse163_20161018_18-22-45,Female_likely,v1,annotator7,annotator8
0,19,21,14,7,5,0.6666666666666666,0.7368421052631579,0.7,0.8739332346189098,Male_likely/Mouse069_20160709_16-02-03,Mouse069_20160709_16-02-03,Male_likely,v1,annotator1,annotator2
1,18,20,10,10,8,0.5,0.5555555555555556,0.5263157894736842,0.9016553524257931,Male_likely/Mouse069_20160709_16-02-03,Mouse069_20160709_16-02-03,Male_likely,v1,annotator1,annotator2
annotator_multi1,1,0,0,0,1,,0.0,,,Male_likely/Mouse069_20160709_16-02-03,Mouse069_20160709_16-02-03,Male_likely,v1,annotator1,annotator2
annotator_multi2,0,1,0,1,0,0.0,,,,Male_likely/Mouse069_20160709_16-02-03,Mouse069_20160709_16-02-03,Male_likely,v1,annotator1,annotator2
0,19,26,17,9,2,0.6538461538461539,0.8947368421052632,0.7555555555555555,0.8519289403447438,Male_likely/Mouse069_20160709_16-02-03,Mouse069_20160709_16-02-03,Male_likely,v1,annotator1,annotator3
1,18,25,11,14,7,0.44,0.6111111111111112,0.5116279069767442,0.7370333894294727,Male_likely/Mouse069_20160709_16-02-03,Mouse069_20160709_16-02-03,Male_likely,v1,annotator1,annotator3
annotator_multi1,1,0,0,0,1,,0.0,,,Male_likely/Mouse069_20160709_16-02-03,Mouse069_20160709_16-02-03,Male_likely,v1,annotator1,annotator3
annotator_multi3,0,1,0,1,0,0.0,,,,Male_likely/Mouse069_20160709_16-02-03,Mouse069_20160709_16-02-03,Male_likely,v1,annotator1,annotator3
0,19,23,14,9,5,0.6086956521739131,0.7368421052631579,0.6666666666666666,0.9122469095181277,Male_likely/Mouse069_20160709_16-02-03,Mouse069_20160709_16-02-03,Male_likely,v1,annotator1,annotator4
1,18,22,12,10,6,0.5454545454545454,0.6666666666666666,0.6,0.7517758349300059,Male_likely/Mouse069_20160709_16-02-03,Mouse069_20160709_16-02-03,Male_likely,v1,annotator1,annotator4
annotator_multi1,1,0,0,0,1,,0.0,,,Male_likely/Mouse069_20160709_16-02-03,Mouse069_20160709_16-02-03,Male_likely,v1,annotator1,annotator4
annotator_multi4,0,1,0,1,0,0.0,,,,Male_likely/Mouse069_20160709_16-02-03,Mouse069_20160709_16-02-03,Male_likely,v1,annotator1,annotator4
0,19,29,16,13,3,0.5517241379310345,0.8421052631578947,0.6666666666666666,0.8751171393112047,Male_likely/Mouse069_20160709_16-02-03,Mouse069_20160709_16-02-03,Male_likely,v1,annotator1,annotator5
1,18,28,10,18,8,0.35714285714285715,0.5555555555555556,0.43478260869565216,0.7647902951437866,Male_likely/Mouse069_20160709_16-02-03,Mouse069_20160709_16-02-03,Male_likely,v1,annotator1,annotator5
annotator_multi1,1,0,0,0,1,,0.0,,,Male_likely/Mouse069_20160709_16-02-03,Mouse069_20160709_16-02-03,Male_likely,v1,annotator1,annotator5
annotator_multi5,0,1,0,1,0,0.0,,,,Male_likely/Mouse069_20160709_16-02-03,Mouse069_20160709_16-02-03,Male_likely,v1,annotator1,annotator5
0,19,33,16,17,3,0.48484848484848486,0.8421052631578947,0.6153846153846154,0.8629482664174097,Male_likely/Mouse069_20160709_16-02-03,Mouse069_20160709_16-02-03,Male_likely,v1,annotator1,annotator6
1,18,32,7,25,11,0.21875,0.3888888888888889,0.28,0.759300967092306,Male_likely/Mouse069_20160709_16-02-03,Mouse069_20160709_16-02-03,Male_likely,v1,annotator1,annotator6
annotator_multi1,1,0,0,0,1,,0.0,,,Male_likely/Mouse069_20160709_16-02-03,Mouse069_20160709_16-02-03,Male_likely,v1,annotator1,annotator6
annotator_multi6,0,1,0,1,0,0.0,,,,Male_likely/Mouse069_20160709_16-02-03,Mouse069_20160709_16-02-03,Male_likely,v1,annotator1,annotator6
0,19,9,9,0,10,1.0,0.47368421052631576,0.6428571428571429,0.8857575789511518,Male_likely/Mouse069_20160709_16-02-03,Mouse069_20160709_16-02-03,Male_likely,v1,annotator1,annotator7
1,18,8,4,4,14,0.5,0.2222222222222222,0.30769230769230765,0.7403317088696282,Male_likely/Mouse069_20160709_16-02-03,Mouse069_20160709_16-02-03,Male_likely,v1,annotator1,annotator7
annotator_multi1,1,0,0,0,1,,0.0,,,Male_likely/Mouse069_20160709_16-02-03,Mouse069_20160709_16-02-03,Male_likely,v1,annotator1,annotator7
annotator_multi7,0,1,0,1,0,0.0,,,,Male_likely/Mouse069_20160709_16-02-03,Mouse069_20160709_16-02-03,Male_likely,v1,annotator1,annotator7
0,19,20,11,9,8,0.55,0.5789473684210527,0.5641025641025641,0.8146773484011756,Male_likely/Mouse069_20160709_16-02-03,Mouse069_20160709_16-02-03,Male_likely,v1,annotator1,annotator8
1,18,19,8,11,10,0.42105263157894735,0.4444444444444444,0.43243243243243246,0.7071459293892912,Male_likely/Mouse069_20160709_16-02-03,Mouse069_20160709_16-02-03,Male_likely,v1,annotator1,annotator8
annotator_multi1,1,0,0,0,1,,0.0,,,Male_likely/Mouse069_20160709_16-02-03,Mouse069_20160709_16-02-03,Male_likely,v1,annotator1,annotator8
annotator_multi8,0,1,0,1,0,0.0,,,,Male_likely/Mouse069_20160709_16-02-03,Mouse069_20160709_16-02-03,Male_likely,v1,annotator1,annotator8
0,21,26,17,9,4,0.6538461538461539,0.8095238095238095,0.7234042553191489,0.8493554066126019,Male_likely/Mouse069_20160709_16-02-03,Mouse069_20160709_16-02-03,Male_likely,v1,annotator2,annotator3
1,20,25,13,12,7,0.52,0.65,0.5777777777777778,0.8007833447181543,Male_likely/Mouse069_20160709_16-02-03,Mouse069_20160709_16-02-03,Male_likely,v1,annotator2,annotator3
annotator_multi2,1,0,0,0,1,,0.0,,,Male_likely/Mouse069_20160709_16-02-03,Mouse069_20160709_16-02-03,Male_likely,v1,annotator2,annotator3
annotator_multi3,0,1,0,1,0,0.0,,,,Male_likely/Mouse069_20160709_16-02-03,Mouse069_20160709_16-02-03,Male_likely,v1,annotator2,annotator3
0,21,23,14,9,7,0.6086956521739131,0.6666666666666666,0.6363636363636365,0.8622847087703382,Male_likely/Mouse069_20160709_16-02-03,Mouse069_20160709_16-02-03,Male_likely,v1,annotator2,annotator4
1,20,22,14,8,6,0.6363636363636364,0.7,0.6666666666666666,0.8119840324867299,Male_likely/Mouse069_20160709_16-02-03,Mouse069_20160709_16-02-03,Male_likely,v1,annotator2,annotator4
annotator_multi2,1,0,0,0,1,,0.0,,,Male_likely/Mouse069_20160709_16-02-03,Mouse069_20160709_16-02-03,Male_likely,v1,annotator2,annotator4
annotator_multi4,0,1,0,1,0,0.0,,,,Male_likely/Mouse069_20160709_16-02-03,Mouse069_20160709_16-02-03,Male_likely,v1,annotator2,annotator4
0,21,29,17,12,4,0.5862068965517241,0.8095238095238095,0.68,0.8573649232916803,Male_likely/Mouse069_20160709_16-02-03,Mouse069_20160709_16-02-03,Male_likely,v1,annotator2,annotator5
1,20,28,11,17,9,0.39285714285714285,0.55,0.45833333333333337,0.8346109254555949,Male_likely/Mouse069_20160709_16-02-03,Mouse069_20160709_16-02-03,Male_likely,v1,annotator2,annotator5
annotator_multi2,1,0,0,0,1,,0.0,,,Male_likely/Mouse069_20160709_16-02-03,Mouse069_20160709_16-02-03,Male_likely,v1,annotator2,annotator5
annotator_multi5,0,1,0,1,0,0.0,,,,Male_likely/Mouse069_20160709_16-02-03,Mouse069_20160709_16-02-03,Male_likely,v1,annotator2,annotator5
0,21,33,15,18,6,0.45454545454545453,0.7142857142857143,0.5555555555555556,0.8435035579959085,Male_likely/Mouse069_20160709_16-02-03,Mouse069_20160709_16-02-03,Male_likely,v1,annotator2,annotator6
1,20,32,11,21,9,0.34375,0.55,0.42307692307692313,0.7639146471737771,Male_likely/Mouse069_20160709_16-02-03,Mouse069_20160709_16-02-03,Male_likely,v1,annotator2,annotator6
annotator_multi2,1,0,0,0,1,,0.0,,,Male_likely/Mouse069_20160709_16-02-03,Mouse069_20160709_16-02-03,Male_likely,v1,annotator2,annotator6
annotator_multi6,0,1,0,1,0,0.0,,,,Male_likely/Mouse069_20160709_16-02-03,Mouse069_20160709_16-02-03,Male_likely,v1,annotator2,annotator6
0,21,9,8,1,13,0.8888888888888888,0.38095238095238093,0.5333333333333333,0.8882557035343703,Male_likely/Mouse069_20160709_16-02-03,Mouse069_20160709_16-02-03,Male_likely,v1,annotator2,annotator7
1,20,8,4,4,16,0.5,0.2,0.28571428571428575,0.6971646613190731,Male_likely/Mouse069_20160709_16-02-03,Mouse069_20160709_16-02-03,Male_likely,v1,annotator2,annotator7
annotator_multi2,1,0,0,0,1,,0.0,,,Male_likely/Mouse069_20160709_16-02-03,Mouse069_20160709_16-02-03,Male_likely,v1,annotator2,annotator7
annotator_multi7,0,1,0,1,0,0.0,,,,Male_likely/Mouse069_20160709_16-02-03,Mouse069_20160709_16-02-03,Male_likely,v1,annotator2,annotator7
0,21,20,16,4,5,0.8,0.7619047619047619,0.7804878048780488,0.7809169417179109,Male_likely/Mouse069_20160709_16-02-03,Mouse069_20160709_16-02-03,Male_likely,v1,annotator2,annotator8
1,20,19,12,7,8,0.631578947368421,0.6,0.6153846153846154,0.7526032579537228,Male_likely/Mouse069_20160709_16-02-03,Mouse069_20160709_16-02-03,Male_likely,v1,annotator2,annotator8
annotator_multi2,1,0,0,0,1,,0.0,,,Male_likely/Mouse069_20160709_16-02-03,Mouse069_20160709_16-02-03,Male_likely,v1,annotator2,annotator8
annotator_multi8,0,1,0,1,0,0.0,,,,Male_likely/Mouse069_20160709_16-02-03,Mouse069_20160709_16-02-03,Male_likely,v1,annotator2,annotator8
0,26,23,14,9,12,0.6086956521739131,0.5384615384615384,0.5714285714285715,0.8658892279757758,Male_likely/Mouse069_20160709_16-02-03,Mouse069_20160709_16-02-03,Male_likely,v1,annotator3,annotator4
1,25,22,10,12,15,0.45454545454545453,0.4,0.4255319148936171,0.7741702215342483,Male_likely/Mouse069_20160709_16-02-03,Mouse069_20160709_16-02-03,Male_likely,v1,annotator3,annotator4
annotator_multi3,1,0,0,0,1,,0.0,,,Male_likely/Mouse069_20160709_16-02-03,Mouse069_20160709_16-02-03,Male_likely,v1,annotator3,annotator4
annotator_multi4,0,1,0,1,0,0.0,,,,Male_likely/Mouse069_20160709_16-02-03,Mouse069_20160709_16-02-03,Male_likely,v1,annotator3,annotator4
0,26,29,18,11,8,0.6206896551724138,0.6923076923076923,0.6545454545454545,0.8852578063043516,Male_likely/Mouse069_20160709_16-02-03,Mouse069_20160709_16-02-03,Male_likely,v1,annotator3,annotator5
1,25,28,13,15,12,0.4642857142857143,0.52,0.49056603773584906,0.8153553683038294,Male_likely/Mouse069_20160709_16-02-03,Mouse069_20160709_16-02-03,Male_likely,v1,annotator3,annotator5
annotator_multi3,1,0,0,0,1,,0.0,,,Male_likely/Mouse069_20160709_16-02-03,Mouse069_20160709_16-02-03,Male_likely,v1,annotator3,annotator5
annotator_multi5,0,1,0,1,0,0.0,,,,Male_likely/Mouse069_20160709_16-02-03,Mouse069_20160709_16-02-03,Male_likely,v1,annotator3,annotator5
0,26,33,20,13,6,0.6060606060606061,0.7692307692307693,0.6779661016949152,0.8497840609457995,Male_likely/Mouse069_20160709_16-02-03,Mouse069_20160709_16-02-03,Male_likely,v1,annotator3,annotator6
1,25,32,14,18,11,0.4375,0.56,0.4912280701754386,0.7805546699632425,Male_likely/Mouse069_20160709_16-02-03,Mouse069_20160709_16-02-03,Male_likely,v1,annotator3,annotator6
annotator_multi3,1,0,0,0,1,,0.0,,,Male_likely/Mouse069_20160709_16-02-03,Mouse069_20160709_16-02-03,Male_likely,v1,annotator3,annotator6
annotator_multi6,0,1,0,1,0,0.0,,,,Male_likely/Mouse069_20160709_16-02-03,Mouse069_20160709_16-02-03,Male_likely,v1,annotator3,annotator6
0,26,9,9,0,17,1.0,0.34615384615384615,0.5142857142857142,0.9391189626453058,Male_likely/Mouse069_20160709_16-02-03,Mouse069_20160709_16-02-03,Male_likely,v1,annotator3,annotator7
1,25,8,3,5,22,0.375,0.12,0.18181818181818182,0.8726784539960667,Male_likely/Mouse069_20160709_16-02-03,Mouse069_20160709_16-02-03,Male_likely,v1,annotator3,annotator7
annotator_multi3,1,0,0,0,1,,0.0,,,Male_likely/Mouse069_20160709_16-02-03,Mouse069_20160709_16-02-03,Male_likely,v1,annotator3,annotator7
annotator_multi7,0,1,0,1,0,0.0,,,,Male_likely/Mouse069_20160709_16-02-03,Mouse069_20160709_16-02-03,Male_likely,v1,annotator3,annotator7
0,26,20,13,7,13,0.65,0.5,0.5652173913043479,0.7836480056777009,Male_likely/Mouse069_20160709_16-02-03,Mouse069_20160709_16-02-03,Male_likely,v1,annotator3,annotator8
1,25,19,8,11,17,0.42105263157894735,0.32,0.3636363636363636,0.7001946691889885,Male_likely/Mouse069_20160709_16-02-03,Mouse069_20160709_16-02-03,Male_likely,v1,annotator3,annotator8
annotator_multi3,1,0,0,0,1,,0.0,,,Male_likely/Mouse069_20160709_16-02-03,Mouse069_20160709_16-02-03,Male_likely,v1,annotator3,annotator8
annotator_multi8,0,1,0,1,0,0.0,,,,Male_likely/Mouse069_20160709_16-02-03,Mouse069_20160709_16-02-03,Male_likely,v1,annotator3,annotator8
0,23,29,17,12,6,0.5862068965517241,0.7391304347826086,0.6538461538461539,0.8734463551154517,Male_likely/Mouse069_20160709_16-02-03,Mouse069_20160709_16-02-03,Male_likely,v1,annotator4,annotator5
1,22,28,14,14,8,0.5,0.6363636363636364,0.56,0.7720516249115462,Male_likely/Mouse069_20160709_16-02-03,Mouse069_20160709_16-02-03,Male_likely,v1,annotator4,annotator5
annotator_multi4,1,0,0,0,1,,0.0,,,Male_likely/Mouse069_20160709_16-02-03,Mouse069_20160709_16-02-03,Male_likely,v1,annotator4,annotator5
annotator_multi5,0,1,0,1,0,0.0,,,,Male_likely/Mouse069_20160709_16-02-03,Mouse069_20160709_16-02-03,Male_likely,v1,annotator4,annotator5
0,23,33,16,17,7,0.48484848484848486,0.6956521739130435,0.5714285714285715,0.8645880493949335,Male_likely/Mouse069_20160709_16-02-03,Mouse069_20160709_16-02-03,Male_likely,v1,annotator4,annotator6
1,22,32,9,23,13,0.28125,0.4090909090909091,0.3333333333333333,0.7939796031150729,Male_likely/Mouse069_20160709_16-02-03,Mouse069_20160709_16-02-03,Male_likely,v1,annotator4,annotator6
annotator_multi4,1,0,0,0,1,,0.0,,,Male_likely/Mouse069_20160709_16-02-03,Mouse069_20160709_16-02-03,Male_likely,v1,annotator4,annotator6
annotator_multi6,0,1,0,1,0,0.0,,,,Male_likely/Mouse069_20160709_16-02-03,Mouse069_20160709_16-02-03,Male_likely,v1,annotator4,annotator6
0,23,9,8,1,15,0.8888888888888888,0.34782608695652173,0.5,0.8859741395881233,Male_likely/Mouse069_20160709_16-02-03,Mouse069_20160709_16-02-03,Male_likely,v1,annotator4,annotator7
1,22,8,2,6,20,0.25,0.09090909090909091,0.13333333333333333,0.7536511231373713,Male_likely/Mouse069_20160709_16-02-03,Mouse069_20160709_16-02-03,Male_likely,v1,annotator4,annotator7
annotator_multi4,1,0,0,0,1,,0.0,,,Male_likely/Mouse069_20160709_16-02-03,Mouse069_20160709_16-02-03,Male_likely,v1,annotator4,annotator7
annotator_multi7,0,1,0,1,0,0.0,,,,Male_likely/Mouse069_20160709_16-02-03,Mouse069_20160709_16-02-03,Male_likely,v1,annotator4,annotator7
0,23,20,12,8,11,0.6,0.5217391304347826,0.5581395348837209,0.7515468837909548,Male_likely/Mouse069_20160709_16-02-03,Mouse069_20160709_16-02-03,Male_likely,v1,annotator4,annotator8
1,22,19,12,7,10,0.631578947368421,0.5454545454545454,0.5853658536585366,0.7744571797461969,Male_likely/Mouse069_20160709_16-02-03,Mouse069_20160709_16-02-03,Male_likely,v1,annotator4,annotator8
annotator_multi4,1,0,0,0,1,,0.0,,,Male_likely/Mouse069_20160709_16-02-03,Mouse069_20160709_16-02-03,Male_likely,v1,annotator4,annotator8
annotator_multi8,0,1,0,1,0,0.0,,,,Male_likely/Mouse069_20160709_16-02-03,Mouse069_20160709_16-02-03,Male_likely,v1,annotator4,annotator8
0,29,33,20,13,9,0.6060606060606061,0.6896551724137931,0.6451612903225807,0.8795967501868717,Male_likely/Mouse069_20160709_16-02-03,Mouse069_20160709_16-02-03,Male_likely,v1,annotator5,annotator6
1,28,32,17,15,11,0.53125,0.6071428571428571,0.5666666666666667,0.7645888832743615,Male_likely/Mouse069_20160709_16-02-03,Mouse069_20160709_16-02-03,Male_likely,v1,annotator5,annotator6
annotator_multi5,1,0,0,0,1,,0.0,,,Male_likely/Mouse069_20160709_16-02-03,Mouse069_20160709_16-02-03,Male_likely,v1,annotator5,annotator6
annotator_multi6,0,1,0,1,0,0.0,,,,Male_likely/Mouse069_20160709_16-02-03,Mouse069_20160709_16-02-03,Male_likely,v1,annotator5,annotator6
0,29,9,9,0,20,1.0,0.3103448275862069,0.4736842105263158,0.9377838953158888,Male_likely/Mouse069_20160709_16-02-03,Mouse069_20160709_16-02-03,Male_likely,v1,annotator5,annotator7
1,28,8,3,5,25,0.375,0.10714285714285714,0.16666666666666666,0.9027434572777265,Male_likely/Mouse069_20160709_16-02-03,Mouse069_20160709_16-02-03,Male_likely,v1,annotator5,annotator7
annotator_multi5,1,0,0,0,1,,0.0,,,Male_likely/Mouse069_20160709_16-02-03,Mouse069_20160709_16-02-03,Male_likely,v1,annotator5,annotator7
annotator_multi7,0,1,0,1,0,0.0,,,,Male_likely/Mouse069_20160709_16-02-03,Mouse069_20160709_16-02-03,Male_likely,v1,annotator5,annotator7
0,29,20,17,3,12,0.85,0.5862068965517241,0.6938775510204082,0.7608446000034194,Male_likely/Mouse069_20160709_16-02-03,Mouse069_20160709_16-02-03,Male_likely,v1,annotator5,annotator8
1,28,19,14,5,14,0.7368421052631579,0.5,0.5957446808510638,0.7926027081004244,Male_likely/Mouse069_20160709_16-02-03,Mouse069_20160709_16-02-03,Male_likely,v1,annotator5,annotator8
annotator_multi5,1,0,0,0,1,,0.0,,,Male_likely/Mouse069_20160709_16-02-03,Mouse069_20160709_16-02-03,Male_likely,v1,annotator5,annotator8
annotator_multi8,0,1,0,1,0,0.0,,,,Male_likely/Mouse069_20160709_16-02-03,Mouse069_20160709_16-02-03,Male_likely,v1,annotator5,annotator8
0,33,9,8,1,25,0.8888888888888888,0.24242424242424243,0.38095238095238093,0.912603563592667,Male_likely/Mouse069_20160709_16-02-03,Mouse069_20160709_16-02-03,Male_likely,v1,annotator6,annotator7
1,32,8,2,6,30,0.25,0.0625,0.1,0.6483918128654971,Male_likely/Mouse069_20160709_16-02-03,Mouse069_20160709_16-02-03,Male_likely,v1,annotator6,annotator7
annotator_multi6,1,0,0,0,1,,0.0,,,Male_likely/Mouse069_20160709_16-02-03,Mouse069_20160709_16-02-03,Male_likely,v1,annotator6,annotator7
annotator_multi7,0,1,0,1,0,0.0,,,,Male_likely/Mouse069_20160709_16-02-03,Mouse069_20160709_16-02-03,Male_likely,v1,annotator6,annotator7
0,33,20,14,6,19,0.7,0.42424242424242425,0.5283018867924527,0.7816709208423921,Male_likely/Mouse069_20160709_16-02-03,Mouse069_20160709_16-02-03,Male_likely,v1,annotator6,annotator8
1,32,19,10,9,22,0.5263157894736842,0.3125,0.39215686274509803,0.6714200188974667,Male_likely/Mouse069_20160709_16-02-03,Mouse069_20160709_16-02-03,Male_likely,v1,annotator6,annotator8
annotator_multi6,1,0,0,0,1,,0.0,,,Male_likely/Mouse069_20160709_16-02-03,Mouse069_20160709_16-02-03,Male_likely,v1,annotator6,annotator8
annotator_multi8,0,1,0,1,0,0.0,,,,Male_likely/Mouse069_20160709_16-02-03,Mouse069_20160709_16-02-03,Male_likely,v1,annotator6,annotator8
0,9,20,8,12,1,0.4,0.8888888888888888,0.5517241379310346,0.8904074960173047,Male_likely/Mouse069_20160709_16-02-03,Mouse069_20160709_16-02-03,Male_likely,v1,annotator7,annotator8
1,8,19,3,16,5,0.15789473684210525,0.375,0.22222222222222218,0.9080452411438328,Male_likely/Mouse069_20160709_16-02-03,Mouse069_20160709_16-02-03,Male_likely,v1,annotator7,annotator8
annotator_multi7,1,0,0,0,1,,0.0,,,Male_likely/Mouse069_20160709_16-02-03,Mouse069_20160709_16-02-03,Male_likely,v1,annotator7,annotator8
annotator_multi8,0,1,0,1,0,0.0,,,,Male_likely/Mouse069_20160709_16-02-03,Mouse069_20160709_16-02-03,Male_likely,v1,annotator7,annotator8
0,24,14,13,1,11,0.9285714285714286,0.5416666666666666,0.6842105263157894,0.8776063510473898,Male_likely/Mouse069_20160709_16-02-03,Mouse069_20160709_16-02-03,Male_likely,v2,annotator1,annotator2
1,23,13,9,4,14,0.6923076923076923,0.391304347826087,0.5,0.7682826308978479,Male_likely/Mouse069_20160709_16-02-03,Mouse069_20160709_16-02-03,Male_likely,v2,annotator1,annotator2
annotator_multi1,1,0,0,0,1,,0.0,,,Male_likely/Mouse069_20160709_16-02-03,Mouse069_20160709_16-02-03,Male_likely,v2,annotator1,annotator2
annotator_multi2,0,1,0,1,0,0.0,,,,Male_likely/Mouse069_20160709_16-02-03,Mouse069_20160709_16-02-03,Male_likely,v2,annotator1,annotator2
0,24,24,18,6,6,0.75,0.75,0.75,0.8775671209889334,Male_likely/Mouse069_20160709_16-02-03,Mouse069_20160709_16-02-03,Male_likely,v2,annotator1,annotator3
1,23,23,15,8,8,0.6521739130434783,0.6521739130434783,0.6521739130434783,0.8270792322028853,Male_likely/Mouse069_20160709_16-02-03,Mouse069_20160709_16-02-03,Male_likely,v2,annotator1,annotator3
annotator_multi1,1,0,0,0,1,,0.0,,,Male_likely/Mouse069_20160709_16-02-03,Mouse069_20160709_16-02-03,Male_likely,v2,annotator1,annotator3
annotator_multi3,0,1,0,1,0,0.0,,,,Male_likely/Mouse069_20160709_16-02-03,Mouse069_20160709_16-02-03,Male_likely,v2,annotator1,annotator3
0,24,22,16,6,8,0.7272727272727273,0.6666666666666666,0.6956521739130435,0.8741741650372195,Male_likely/Mouse069_20160709_16-02-03,Mouse069_20160709_16-02-03,Male_likely,v2,annotator1,annotator4
1,23,21,13,8,10,0.6190476190476191,0.5652173913043478,0.5909090909090909,0.8132078054966456,Male_likely/Mouse069_20160709_16-02-03,Mouse069_20160709_16-02-03,Male_likely,v2,annotator1,annotator4
annotator_multi1,1,0,0,0,1,,0.0,,,Male_likely/Mouse069_20160709_16-02-03,Mouse069_20160709_16-02-03,Male_likely,v2,annotator1,annotator4
annotator_multi4,0,1,0,1,0,0.0,,,,Male_likely/Mouse069_20160709_16-02-03,Mouse069_20160709_16-02-03,Male_likely,v2,annotator1,annotator4
0,24,32,22,10,2,0.6875,0.9166666666666666,0.7857142857142857,0.8870386148210714,Male_likely/Mouse069_20160709_16-02-03,Mouse069_20160709_16-02-03,Male_likely,v2,annotator1,annotator5
1,23,31,18,13,5,0.5806451612903226,0.782608695652174,0.6666666666666667,0.828927285668673,Male_likely/Mouse069_20160709_16-02-03,Mouse069_20160709_16-02-03,Male_likely,v2,annotator1,annotator5
annotator_multi1,1,0,0,0,1,,0.0,,,Male_likely/Mouse069_20160709_16-02-03,Mouse069_20160709_16-02-03,Male_likely,v2,annotator1,annotator5
annotator_multi5,0,1,0,1,0,0.0,,,,Male_likely/Mouse069_20160709_16-02-03,Mouse069_20160709_16-02-03,Male_likely,v2,annotator1,annotator5
0,24,23,20,3,4,0.8695652173913043,0.8333333333333334,0.851063829787234,0.8615738740544572,Male_likely/Mouse069_20160709_16-02-03,Mouse069_20160709_16-02-03,Male_likely,v2,annotator1,annotator6
1,23,22,18,4,5,0.8181818181818182,0.782608695652174,0.8,0.828410153362565,Male_likely/Mouse069_20160709_16-02-03,Mouse069_20160709_16-02-03,Male_likely,v2,annotator1,annotator6
annotator_multi1,1,0,0,0,1,,0.0,,,Male_likely/Mouse069_20160709_16-02-03,Mouse069_20160709_16-02-03,Male_likely,v2,annotator1,annotator6
annotator_multi6,0,1,0,1,0,0.0,,,,Male_likely/Mouse069_20160709_16-02-03,Mouse069_20160709_16-02-03,Male_likely,v2,annotator1,annotator6
0,24,8,8,0,16,1.0,0.3333333333333333,0.5,0.9420813755229489,Male_likely/Mouse069_20160709_16-02-03,Mouse069_20160709_16-02-03,Male_likely,v2,annotator1,annotator7
1,23,7,4,3,19,0.5714285714285714,0.17391304347826086,0.26666666666666666,0.6275854065572515,Male_likely/Mouse069_20160709_16-02-03,Mouse069_20160709_16-02-03,Male_likely,v2,annotator1,annotator7
annotator_multi1,1,0,0,0,1,,0.0,,,Male_likely/Mouse069_20160709_16-02-03,Mouse069_20160709_16-02-03,Male_likely,v2,annotator1,annotator7
annotator_multi7,0,1,0,1,0,0.0,,,,Male_likely/Mouse069_20160709_16-02-03,Mouse069_20160709_16-02-03,Male_likely,v2,annotator1,annotator7
0,24,22,17,5,7,0.7727272727272727,0.7083333333333334,0.7391304347826088,0.7955727659762966,Male_likely/Mouse069_20160709_16-02-03,Mouse069_20160709_16-02-03,Male_likely,v2,annotator1,annotator8
1,23,21,15,6,8,0.7142857142857143,0.6521739130434783,0.6818181818181819,0.7289039241731883,Male_likely/Mouse069_20160709_16-02-03,Mouse069_20160709_16-02-03,Male_likely,v2,annotator1,annotator8
annotator_multi1,1,0,0,0,1,,0.0,,,Male_likely/Mouse069_20160709_16-02-03,Mouse069_20160709_16-02-03,Male_likely,v2,annotator1,annotator8
annotator_multi8,0,1,0,1,0,0.0,,,,Male_likely/Mouse069_20160709_16-02-03,Mouse069_20160709_16-02-03,Male_likely,v2,annotator1,annotator8
0,14,24,12,12,2,0.5,0.8571428571428571,0.631578947368421,0.8383097016755054,Male_likely/Mouse069_20160709_16-02-03,Mouse069_20160709_16-02-03,Male_likely,v2,annotator2,annotator3
1,13,23,6,17,7,0.2608695652173913,0.46153846153846156,0.33333333333333337,0.8224039185632431,Male_likely/Mouse069_20160709_16-02-03,Mouse069_20160709_16-02-03,Male_likely,v2,annotator2,annotator3
annotator_multi2,1,0,0,0,1,,0.0,,,Male_likely/Mouse069_20160709_16-02-03,Mouse069_20160709_16-02-03,Male_likely,v2,annotator2,annotator3
annotator_multi3,0,1,0,1,0,0.0,,,,Male_likely/Mouse069_20160709_16-02-03,Mouse069_20160709_16-02-03,Male_likely,v2,annotator2,annotator3
0,14,22,11,11,3,0.5,0.7857142857142857,0.6111111111111112,0.8749760269628268,Male_likely/Mouse069_20160709_16-02-03,Mouse069_20160709_16-02-03,Male_likely,v2,annotator2,annotator4
1,13,21,7,14,6,0.3333333333333333,0.5384615384615384,0.41176470588235287,0.698219059241181,Male_likely/Mouse069_20160709_16-02-03,Mouse069_20160709_16-02-03,Male_likely,v2,annotator2,annotator4
annotator_multi2,1,0,0,0,1,,0.0,,,Male_likely/Mouse069_20160709_16-02-03,Mouse069_20160709_16-02-03,Male_likely,v2,annotator2,annotator4
annotator_multi4,0,1,0,1,0,0.0,,,,Male_likely/Mouse069_20160709_16-02-03,Mouse069_20160709_16-02-03,Male_likely,v2,annotator2,annotator4
0,14,32,13,19,1,0.40625,0.9285714285714286,0.5652173913043478,0.8836467078558753,Male_likely/Mouse069_20160709_16-02-03,Mouse069_20160709_16-02-03,Male_likely,v2,annotator2,annotator5
1,13,31,6,25,7,0.1935483870967742,0.46153846153846156,0.2727272727272727,0.7469343721414591,Male_likely/Mouse069_20160709_16-02-03,Mouse069_20160709_16-02-03,Male_likely,v2,annotator2,annotator5
annotator_multi2,1,0,0,0,1,,0.0,,,Male_likely/Mouse069_20160709_16-02-03,Mouse069_20160709_16-02-03,Male_likely,v2,annotator2,annotator5
annotator_multi5,0,1,0,1,0,0.0,,,,Male_likely/Mouse069_20160709_16-02-03,Mouse069_20160709_16-02-03,Male_likely,v2,annotator2,annotator5
0,14,23,13,10,1,0.5652173913043478,0.9285714285714286,0.7027027027027025,0.8485563157372149,Male_likely/Mouse069_20160709_16-02-03,Mouse069_20160709_16-02-03,Male_likely,v2,annotator2,annotator6
1,13,22,9,13,4,0.4090909090909091,0.6923076923076923,0.5142857142857142,0.7484806260460249,Male_likely/Mouse069_20160709_16-02-03,Mouse069_20160709_16-02-03,Male_likely,v2,annotator2,annotator6
annotator_multi2,1,0,0,0,1,,0.0,,,Male_likely/Mouse069_20160709_16-02-03,Mouse069_20160709_16-02-03,Male_likely,v2,annotator2,annotator6
annotator_multi6,0,1,0,1,0,0.0,,,,Male_likely/Mouse069_20160709_16-02-03,Mouse069_20160709_16-02-03,Male_likely,v2,annotator2,annotator6
0,14,8,8,0,6,1.0,0.5714285714285714,0.7272727272727273,0.878432345867622,Male_likely/Mouse069_20160709_16-02-03,Mouse069_20160709_16-02-03,Male_likely,v2,annotator2,annotator7
1,13,7,5,2,8,0.7142857142857143,0.38461538461538464,0.5,0.7729335958676645,Male_likely/Mouse069_20160709_16-02-03,Mouse069_20160709_16-02-03,Male_likely,v2,annotator2,annotator7
annotator_multi2,1,0,0,0,1,,0.0,,,Male_likely/Mouse069_20160709_16-02-03,Mouse069_20160709_16-02-03,Male_likely,v2,annotator2,annotator7
annotator_multi7,0,1,0,1,0,0.0,,,,Male_likely/Mouse069_20160709_16-02-03,Mouse069_20160709_16-02-03,Male_likely,v2,annotator2,annotator7
0,14,22,11,11,3,0.5,0.7857142857142857,0.6111111111111112,0.8642583290572218,Male_likely/Mouse069_20160709_16-02-03,Mouse069_20160709_16-02-03,Male_likely,v2,annotator2,annotator8
1,13,21,6,15,7,0.2857142857142857,0.46153846153846156,0.35294117647058826,0.843418425999562,Male_likely/Mouse069_20160709_16-02-03,Mouse069_20160709_16-02-03,Male_likely,v2,annotator2,annotator8
annotator_multi2,1,0,0,0,1,,0.0,,,Male_likely/Mouse069_20160709_16-02-03,Mouse069_20160709_16-02-03,Male_likely,v2,annotator2,annotator8
annotator_multi8,0,1,0,1,0,0.0,,,,Male_likely/Mouse069_20160709_16-02-03,Mouse069_20160709_16-02-03,Male_likely,v2,annotator2,annotator8
0,24,22,14,8,10,0.6363636363636364,0.5833333333333334,0.6086956521739131,0.847770842219451,Male_likely/Mouse069_20160709_16-02-03,Mouse069_20160709_16-02-03,Male_likely,v2,annotator3,annotator4
1,23,21,8,13,15,0.38095238095238093,0.34782608695652173,0.3636363636363636,0.8865885689866082,Male_likely/Mouse069_20160709_16-02-03,Mouse069_20160709_16-02-03,Male_likely,v2,annotator3,annotator4
annotator_multi3,1,0,0,0,1,,0.0,,,Male_likely/Mouse069_20160709_16-02-03,Mouse069_20160709_16-02-03,Male_likely,v2,annotator3,annotator4
annotator_multi4,0,1,0,1,0,0.0,,,,Male_likely/Mouse069_20160709_16-02-03,Mouse069_20160709_16-02-03,Male_likely,v2,annotator3,annotator4
0,24,32,20,12,4,0.625,0.8333333333333334,0.7142857142857143,0.8484960354266317,Male_likely/Mouse069_20160709_16-02-03,Mouse069_20160709_16-02-03,Male_likely,v2,annotator3,annotator5
1,23,31,16,15,7,0.5161290322580645,0.6956521739130435,0.5925925925925926,0.8057528962220507,Male_likely/Mouse069_20160709_16-02-03,Mouse069_20160709_16-02-03,Male_likely,v2,annotator3,annotator5
annotator_multi3,1,0,0,0,1,,0.0,,,Male_likely/Mouse069_20160709_16-02-03,Mouse069_20160709_16-02-03,Male_likely,v2,annotator3,annotator5
annotator_multi5,0,1,0,1,0,0.0,,,,Male_likely/Mouse069_20160709_16-02-03,Mouse069_20160709_16-02-03,Male_likely,v2,annotator3,annotator5
0,24,23,17,6,7,0.7391304347826086,0.7083333333333334,0.723404255319149,0.8759102306661495,Male_likely/Mouse069_20160709_16-02-03,Mouse069_20160709_16-02-03,Male_likely,v2,annotator3,annotator6
1,23,22,11,11,12,0.5,0.4782608695652174,0.4888888888888889,0.8653754223655067,Male_likely/Mouse069_20160709_16-02-03,Mouse069_20160709_16-02-03,Male_likely,v2,annotator3,annotator6
annotator_multi3,1,0,0,0,1,,0.0,,,Male_likely/Mouse069_20160709_16-02-03,Mouse069_20160709_16-02-03,Male_likely,v2,annotator3,annotator6
annotator_multi6,0,1,0,1,0,0.0,,,,Male_likely/Mouse069_20160709_16-02-03,Mouse069_20160709_16-02-03,Male_likely,v2,annotator3,annotator6
0,24,8,8,0,16,1.0,0.3333333333333333,0.5,0.9573151262139143,Male_likely/Mouse069_20160709_16-02-03,Mouse069_20160709_16-02-03,Male_likely,v2,annotator3,annotator7
1,23,7,2,5,21,0.2857142857142857,0.08695652173913043,0.13333333333333333,0.9578619909502263,Male_likely/Mouse069_20160709_16-02-03,Mouse069_20160709_16-02-03,Male_likely,v2,annotator3,annotator7
annotator_multi3,1,0,0,0,1,,0.0,,,Male_likely/Mouse069_20160709_16-02-03,Mouse069_20160709_16-02-03,Male_likely,v2,annotator3,annotator7
annotator_multi7,0,1,0,1,0,0.0,,,,Male_likely/Mouse069_20160709_16-02-03,Mouse069_20160709_16-02-03,Male_likely,v2,annotator3,annotator7
0,24,22,16,6,8,0.7272727272727273,0.6666666666666666,0.6956521739130435,0.7953822545594478,Male_likely/Mouse069_20160709_16-02-03,Mouse069_20160709_16-02-03,Male_likely,v2,annotator3,annotator8
1,23,21,14,7,9,0.6666666666666666,0.6086956521739131,0.6363636363636365,0.7486719264879668,Male_likely/Mouse069_20160709_16-02-03,Mouse069_20160709_16-02-03,Male_likely,v2,annotator3,annotator8
annotator_multi3,1,0,0,0,1,,0.0,,,Male_likely/Mouse069_20160709_16-02-03,Mouse069_20160709_16-02-03,Male_likely,v2,annotator3,annotator8
annotator_multi8,0,1,0,1,0,0.0,,,,Male_likely/Mouse069_20160709_16-02-03,Mouse069_20160709_16-02-03,Male_likely,v2,annotator3,annotator8
0,22,32,17,15,5,0.53125,0.7727272727272727,0.6296296296296297,0.871807355569663,Male_likely/Mouse069_20160709_16-02-03,Mouse069_20160709_16-02-03,Male_likely,v2,annotator4,annotator5
1,21,31,13,18,8,0.41935483870967744,0.6190476190476191,0.5,0.8096912214860338,Male_likely/Mouse069_20160709_16-02-03,Mouse069_20160709_16-02-03,Male_likely,v2,annotator4,annotator5
annotator_multi4,1,0,0,0,1,,0.0,,,Male_likely/Mouse069_20160709_16-02-03,Mouse069_20160709_16-02-03,Male_likely,v2,annotator4,annotator5
annotator_multi5,0,1,0,1,0,0.0,,,,Male_likely/Mouse069_20160709_16-02-03,Mouse069_20160709_16-02-03,Male_likely,v2,annotator4,annotator5
0,22,23,17,6,5,0.7391304347826086,0.7727272727272727,0.7555555555555555,0.8638060544122483,Male_likely/Mouse069_20160709_16-02-03,Mouse069_20160709_16-02-03,Male_likely,v2,annotator4,annotator6
1,21,22,14,8,7,0.6363636363636364,0.6666666666666666,0.6511627906976744,0.8261759892507711,Male_likely/Mouse069_20160709_16-02-03,Mouse069_20160709_16-02-03,Male_likely,v2,annotator4,annotator6
annotator_multi4,1,0,0,0,1,,0.0,,,Male_likely/Mouse069_20160709_16-02-03,Mouse069_20160709_16-02-03,Male_likely,v2,annotator4,annotator6
annotator_multi6,0,1,0,1,0,0.0,,,,Male_likely/Mouse069_20160709_16-02-03,Mouse069_20160709_16-02-03,Male_likely,v2,annotator4,annotator6
0,22,8,8,0,14,1.0,0.36363636363636365,0.5333333333333333,0.8596504798794136,Male_likely/Mouse069_20160709_16-02-03,Mouse069_20160709_16-02-03,Male_likely,v2,annotator4,annotator7
1,21,7,4,3,17,0.5714285714285714,0.19047619047619047,0.2857142857142857,0.7182074944185377,Male_likely/Mouse069_20160709_16-02-03,Mouse069_20160709_16-02-03,Male_likely,v2,annotator4,annotator7
annotator_multi4,1,0,0,0,1,,0.0,,,Male_likely/Mouse069_20160709_16-02-03,Mouse069_20160709_16-02-03,Male_likely,v2,annotator4,annotator7
annotator_multi7,0,1,0,1,0,0.0,,,,Male_likely/Mouse069_20160709_16-02-03,Mouse069_20160709_16-02-03,Male_likely,v2,annotator4,annotator7
0,22,22,10,12,12,0.45454545454545453,0.45454545454545453,0.45454545454545453,0.824360483508016,Male_likely/Mouse069_20160709_16-02-03,Mouse069_20160709_16-02-03,Male_likely,v2,annotator4,annotator8
1,21,21,10,11,11,0.47619047619047616,0.47619047619047616,0.47619047619047616,0.7363894494210659,Male_likely/Mouse069_20160709_16-02-03,Mouse069_20160709_16-02-03,Male_likely,v2,annotator4,annotator8
annotator_multi4,1,0,0,0,1,,0.0,,,Male_likely/Mouse069_20160709_16-02-03,Mouse069_20160709_16-02-03,Male_likely,v2,annotator4,annotator8
annotator_multi8,0,1,0,1,0,0.0,,,,Male_likely/Mouse069_20160709_16-02-03,Mouse069_20160709_16-02-03,Male_likely,v2,annotator4,annotator8
0,32,23,21,2,11,0.9130434782608695,0.65625,0.7636363636363634,0.8511199300614904,Male_likely/Mouse069_20160709_16-02-03,Mouse069_20160709_16-02-03,Male_likely,v2,annotator5,annotator6
1,31,22,15,7,16,0.6818181818181818,0.4838709677419355,0.5660377358490567,0.7680041416637802,Male_likely/Mouse069_20160709_16-02-03,Mouse069_20160709_16-02-03,Male_likely,v2,annotator5,annotator6
annotator_multi5,1,0,0,0,1,,0.0,,,Male_likely/Mouse069_20160709_16-02-03,Mouse069_20160709_16-02-03,Male_likely,v2,annotator5,annotator6
annotator_multi6,0,1,0,1,0,0.0,,,,Male_likely/Mouse069_20160709_16-02-03,Mouse069_20160709_16-02-03,Male_likely,v2,annotator5,annotator6
0,32,8,8,0,24,1.0,0.25,0.4,0.9499639025233386,Male_likely/Mouse069_20160709_16-02-03,Mouse069_20160709_16-02-03,Male_likely,v2,annotator5,annotator7
1,31,7,3,4,28,0.42857142857142855,0.0967741935483871,0.15789473684210525,0.7223455791368076,Male_likely/Mouse069_20160709_16-02-03,Mouse069_20160709_16-02-03,Male_likely,v2,annotator5,annotator7
annotator_multi5,1,0,0,0,1,,0.0,,,Male_likely/Mouse069_20160709_16-02-03,Mouse069_20160709_16-02-03,Male_likely,v2,annotator5,annotator7
annotator_multi7,0,1,0,1,0,0.0,,,,Male_likely/Mouse069_20160709_16-02-03,Mouse069_20160709_16-02-03,Male_likely,v2,annotator5,annotator7
0,32,22,16,6,16,0.7272727272727273,0.5,0.5925925925925926,0.8438955207255775,Male_likely/Mouse069_20160709_16-02-03,Mouse069_20160709_16-02-03,Male_likely,v2,annotator5,annotator8
1,31,21,16,5,15,0.7619047619047619,0.5161290322580645,0.6153846153846153,0.7508778044801754,Male_likely/Mouse069_20160709_16-02-03,Mouse069_20160709_16-02-03,Male_likely,v2,annotator5,annotator8
annotator_multi5,1,0,0,0,1,,0.0,,,Male_likely/Mouse069_20160709_16-02-03,Mouse069_20160709_16-02-03,Male_likely,v2,annotator5,annotator8
annotator_multi8,0,1,0,1,0,0.0,,,,Male_likely/Mouse069_20160709_16-02-03,Mouse069_20160709_16-02-03,Male_likely,v2,annotator5,annotator8
0,23,8,8,0,15,1.0,0.34782608695652173,0.5161290322580645,0.9245603857854436,Male_likely/Mouse069_20160709_16-02-03,Mouse069_20160709_16-02-03,Male_likely,v2,annotator6,annotator7
1,22,7,4,3,18,0.5714285714285714,0.18181818181818182,0.27586206896551724,0.8128903964351015,Male_likely/Mouse069_20160709_16-02-03,Mouse069_20160709_16-02-03,Male_likely,v2,annotator6,annotator7
annotator_multi6,1,0,0,0,1,,0.0,,,Male_likely/Mouse069_20160709_16-02-03,Mouse069_20160709_16-02-03,Male_likely,v2,annotator6,annotator7
annotator_multi7,0,1,0,1,0,0.0,,,,Male_likely/Mouse069_20160709_16-02-03,Mouse069_20160709_16-02-03,Male_likely,v2,annotator6,annotator7
0,23,22,15,7,8,0.6818181818181818,0.6521739130434783,0.6666666666666666,0.8164902329527687,Male_likely/Mouse069_20160709_16-02-03,Mouse069_20160709_16-02-03,Male_likely,v2,annotator6,annotator8
1,22,21,14,7,8,0.6666666666666666,0.6363636363636364,0.6511627906976744,0.7553920373043795,Male_likely/Mouse069_20160709_16-02-03,Mouse069_20160709_16-02-03,Male_likely,v2,annotator6,annotator8
annotator_multi6,1,0,0,0,1,,0.0,,,Male_likely/Mouse069_20160709_16-02-03,Mouse069_20160709_16-02-03,Male_likely,v2,annotator6,annotator8
annotator_multi8,0,1,0,1,0,0.0,,,,Male_likely/Mouse069_20160709_16-02-03,Mouse069_20160709_16-02-03,Male_likely,v2,annotator6,annotator8
0,8,22,6,16,2,0.2727272727272727,0.75,0.39999999999999997,0.9442462381746818,Male_likely/Mouse069_20160709_16-02-03,Mouse069_20160709_16-02-03,Male_likely,v2,annotator7,annotator8
1,7,21,2,19,5,0.09523809523809523,0.2857142857142857,0.14285714285714285,0.8126247639600755,Male_likely/Mouse069_20160709_16-02-03,Mouse069_20160709_16-02-03,Male_likely,v2,annotator7,annotator8
annotator_multi7,1,0,0,0,1,,0.0,,,Male_likely/Mouse069_20160709_16-02-03,Mouse069_20160709_16-02-03,Male_likely,v2,annotator7,annotator8
annotator_multi8,0,1,0,1,0,0.0,,,,Male_likely/Mouse069_20160709_16-02-03,Mouse069_20160709_16-02-03,Male_likely,v2,annotator7,annotator8
0,64,47,38,9,26,0.8085106382978723,0.59375,0.6846846846846846,0.872697336013717,Male_likely/Mouse070_20160709_16-58-36,Mouse070_20160709_16-58-36,Male_likely,v1,annotator1,annotator2
1,64,46,30,16,34,0.6521739130434783,0.46875,0.5454545454545454,0.7600228418077476,Male_likely/Mouse070_20160709_16-58-36,Mouse070_20160709_16-58-36,Male_likely,v1,annotator1,annotator2
annotator_multi1,1,0,0,0,1,,0.0,,,Male_likely/Mouse070_20160709_16-58-36,Mouse070_20160709_16-58-36,Male_likely,v1,annotator1,annotator2
annotator_multi2,0,1,0,1,0,0.0,,,,Male_likely/Mouse070_20160709_16-58-36,Mouse070_20160709_16-58-36,Male_likely,v1,annotator1,annotator2
0,64,60,46,14,18,0.7666666666666667,0.71875,0.7419354838709677,0.8700425751391307,Male_likely/Mouse070_20160709_16-58-36,Mouse070_20160709_16-58-36,Male_likely,v1,annotator1,annotator3
1,64,59,40,19,24,0.6779661016949152,0.625,0.6504065040650406,0.7435058628077196,Male_likely/Mouse070_20160709_16-58-36,Mouse070_20160709_16-58-36,Male_likely,v1,annotator1,annotator3
annotator_multi1,1,0,0,0,1,,0.0,,,Male_likely/Mouse070_20160709_16-58-36,Mouse070_20160709_16-58-36,Male_likely,v1,annotator1,annotator3
annotator_multi3,0,1,0,1,0,0.0,,,,Male_likely/Mouse070_20160709_16-58-36,Mouse070_20160709_16-58-36,Male_likely,v1,annotator1,annotator3
0,64,52,38,14,26,0.7307692307692307,0.59375,0.6551724137931033,0.8355126634324379,Male_likely/Mouse070_20160709_16-58-36,Mouse070_20160709_16-58-36,Male_likely,v1,annotator1,annotator4
1,64,51,26,25,38,0.5098039215686274,0.40625,0.45217391304347826,0.7155990819544381,Male_likely/Mouse070_20160709_16-58-36,Mouse070_20160709_16-58-36,Male_likely,v1,annotator1,annotator4
annotator_multi1,1,0,0,0,1,,0.0,,,Male_likely/Mouse070_20160709_16-58-36,Mouse070_20160709_16-58-36,Male_likely,v1,annotator1,annotator4
annotator_multi4,0,1,0,1,0,0.0,,,,Male_likely/Mouse070_20160709_16-58-36,Mouse070_20160709_16-58-36,Male_likely,v1,annotator1,annotator4
0,64,65,46,19,18,0.7076923076923077,0.71875,0.7131782945736435,0.8417419269334354,Male_likely/Mouse070_20160709_16-58-36,Mouse070_20160709_16-58-36,Male_likely,v1,annotator1,annotator5
1,64,64,38,26,26,0.59375,0.59375,0.59375,0.7713515341550693,Male_likely/Mouse070_20160709_16-58-36,Mouse070_20160709_16-58-36,Male_likely,v1,annotator1,annotator5
annotator_multi1,1,0,0,0,1,,0.0,,,Male_likely/Mouse070_20160709_16-58-36,Mouse070_20160709_16-58-36,Male_likely,v1,annotator1,annotator5
annotator_multi5,0,1,0,1,0,0.0,,,,Male_likely/Mouse070_20160709_16-58-36,Mouse070_20160709_16-58-36,Male_likely,v1,annotator1,annotator5
0,64,43,37,6,27,0.8604651162790697,0.578125,0.6915887850467289,0.8690291500957831,Male_likely/Mouse070_20160709_16-58-36,Mouse070_20160709_16-58-36,Male_likely,v1,annotator1,annotator6
1,64,42,24,18,40,0.5714285714285714,0.375,0.4528301886792453,0.7920849486645221,Male_likely/Mouse070_20160709_16-58-36,Mouse070_20160709_16-58-36,Male_likely,v1,annotator1,annotator6
annotator_multi1,1,0,0,0,1,,0.0,,,Male_likely/Mouse070_20160709_16-58-36,Mouse070_20160709_16-58-36,Male_likely,v1,annotator1,annotator6
annotator_multi6,0,1,0,1,0,0.0,,,,Male_likely/Mouse070_20160709_16-58-36,Mouse070_20160709_16-58-36,Male_likely,v1,annotator1,annotator6
0,64,20,18,2,46,0.9,0.28125,0.4285714285714286,0.9346649898368986,Male_likely/Mouse070_20160709_16-58-36,Mouse070_20160709_16-58-36,Male_likely,v1,annotator1,annotator7
1,64,20,11,9,53,0.55,0.171875,0.2619047619047619,0.7448124598923044,Male_likely/Mouse070_20160709_16-58-36,Mouse070_20160709_16-58-36,Male_likely,v1,annotator1,annotator7
annotator_multi1,1,0,0,0,1,,0.0,,,Male_likely/Mouse070_20160709_16-58-36,Mouse070_20160709_16-58-36,Male_likely,v1,annotator1,annotator7
annotator_multi7,0,1,0,1,0,0.0,,,,Male_likely/Mouse070_20160709_16-58-36,Mouse070_20160709_16-58-36,Male_likely,v1,annotator1,annotator7
0,64,40,34,6,30,0.85,0.53125,0.6538461538461537,0.8434061604753981,Male_likely/Mouse070_20160709_16-58-36,Mouse070_20160709_16-58-36,Male_likely,v1,annotator1,annotator8
1,64,39,23,16,41,0.5897435897435898,0.359375,0.4466019417475728,0.7477808509288372,Male_likely/Mouse070_20160709_16-58-36,Mouse070_20160709_16-58-36,Male_likely,v1,annotator1,annotator8
annotator_multi1,1,0,0,0,1,,0.0,,,Male_likely/Mouse070_20160709_16-58-36,Mouse070_20160709_16-58-36,Male_likely,v1,annotator1,annotator8
annotator_multi8,0,1,0,1,0,0.0,,,,Male_likely/Mouse070_20160709_16-58-36,Mouse070_20160709_16-58-36,Male_likely,v1,annotator1,annotator8
0,47,60,43,17,4,0.7166666666666667,0.9148936170212766,0.8037383177570094,0.8772126647803735,Male_likely/Mouse070_20160709_16-58-36,Mouse070_20160709_16-58-36,Male_likely,v1,annotator2,annotator3
1,46,59,37,22,9,0.6271186440677966,0.8043478260869565,0.7047619047619047,0.8695780740382381,Male_likely/Mouse070_20160709_16-58-36,Mouse070_20160709_16-58-36,Male_likely,v1,annotator2,annotator3
annotator_multi2,1,0,0,0,1,,0.0,,,Male_likely/Mouse070_20160709_16-58-36,Mouse070_20160709_16-58-36,Male_likely,v1,annotator2,annotator3
annotator_multi3,0,1,0,1,0,0.0,,,,Male_likely/Mouse070_20160709_16-58-36,Mouse070_20160709_16-58-36,Male_likely,v1,annotator2,annotator3
0,47,52,35,17,12,0.6730769230769231,0.7446808510638298,0.7070707070707072,0.8327822767285861,Male_likely/Mouse070_20160709_16-58-36,Mouse070_20160709_16-58-36,Male_likely,v1,annotator2,annotator4
1,46,51,31,20,15,0.6078431372549019,0.6739130434782609,0.6391752577319587,0.7821313701146719,Male_likely/Mouse070_20160709_16-58-36,Mouse070_20160709_16-58-36,Male_likely,v1,annotator2,annotator4
annotator_multi2,1,0,0,0,1,,0.0,,,Male_likely/Mouse070_20160709_16-58-36,Mouse070_20160709_16-58-36,Male_likely,v1,annotator2,annotator4
annotator_multi4,0,1,0,1,0,0.0,,,,Male_likely/Mouse070_20160709_16-58-36,Mouse070_20160709_16-58-36,Male_likely,v1,annotator2,annotator4
0,47,65,43,22,4,0.6615384615384615,0.9148936170212766,0.7678571428571428,0.8836381254212582,Male_likely/Mouse070_20160709_16-58-36,Mouse070_20160709_16-58-36,Male_likely,v1,annotator2,annotator5
1,46,64,34,30,12,0.53125,0.7391304347826086,0.6181818181818182,0.7965275354507382,Male_likely/Mouse070_20160709_16-58-36,Mouse070_20160709_16-58-36,Male_likely,v1,annotator2,annotator5
annotator_multi2,1,0,0,0,1,,0.0,,,Male_likely/Mouse070_20160709_16-58-36,Mouse070_20160709_16-58-36,Male_likely,v1,annotator2,annotator5
annotator_multi5,0,1,0,1,0,0.0,,,,Male_likely/Mouse070_20160709_16-58-36,Mouse070_20160709_16-58-36,Male_likely,v1,annotator2,annotator5
0,47,43,36,7,11,0.8372093023255814,0.7659574468085106,0.8,0.8764919245969826,Male_likely/Mouse070_20160709_16-58-36,Mouse070_20160709_16-58-36,Male_likely,v1,annotator2,annotator6
1,46,42,29,13,17,0.6904761904761905,0.6304347826086957,0.6590909090909092,0.8107535368424483,Male_likely/Mouse070_20160709_16-58-36,Mouse070_20160709_16-58-36,Male_likely,v1,annotator2,annotator6
annotator_multi2,1,0,0,0,1,,0.0,,,Male_likely/Mouse070_20160709_16-58-36,Mouse070_20160709_16-58-36,Male_likely,v1,annotator2,annotator6
annotator_multi6,0,1,0,1,0,0.0,,,,Male_likely/Mouse070_20160709_16-58-36,Mouse070_20160709_16-58-36,Male_likely,v1,annotator2,annotator6
0,47,20,20,0,27,1.0,0.425531914893617,0.5970149253731344,0.9311419756511038,Male_likely/Mouse070_20160709_16-58-36,Mouse070_20160709_16-58-36,Male_likely,v1,annotator2,annotator7
1,46,20,15,5,31,0.75,0.32608695652173914,0.45454545454545453,0.8306493487392769,Male_likely/Mouse070_20160709_16-58-36,Mouse070_20160709_16-58-36,Male_likely,v1,annotator2,annotator7
annotator_multi2,1,0,0,0,1,,0.0,,,Male_likely/Mouse070_20160709_16-58-36,Mouse070_20160709_16-58-36,Male_likely,v1,annotator2,annotator7
annotator_multi7,0,1,0,1,0,0.0,,,,Male_likely/Mouse070_20160709_16-58-36,Mouse070_20160709_16-58-36,Male_likely,v1,annotator2,annotator7
0,47,40,35,5,12,0.875,0.7446808510638298,0.8045977011494252,0.8666670780671379,Male_likely/Mouse070_20160709_16-58-36,Mouse070_20160709_16-58-36,Male_likely,v1,annotator2,annotator8
1,46,39,30,9,16,0.7692307692307693,0.6521739130434783,0.7058823529411764,0.8033234486898079,Male_likely/Mouse070_20160709_16-58-36,Mouse070_20160709_16-58-36,Male_likely,v1,annotator2,annotator8
annotator_multi2,1,0,0,0,1,,0.0,,,Male_likely/Mouse070_20160709_16-58-36,Mouse070_20160709_16-58-36,Male_likely,v1,annotator2,annotator8
annotator_multi8,0,1,0,1,0,0.0,,,,Male_likely/Mouse070_20160709_16-58-36,Mouse070_20160709_16-58-36,Male_likely,v1,annotator2,annotator8
0,60,52,41,11,19,0.7884615384615384,0.6833333333333333,0.7321428571428571,0.8393265460055579,Male_likely/Mouse070_20160709_16-58-36,Mouse070_20160709_16-58-36,Male_likely,v1,annotator3,annotator4
1,59,51,36,15,23,0.7058823529411765,0.6101694915254238,0.6545454545454547,0.7809454707172853,Male_likely/Mouse070_20160709_16-58-36,Mouse070_20160709_16-58-36,Male_likely,v1,annotator3,annotator4
annotator_multi3,1,0,0,0,1,,0.0,,,Male_likely/Mouse070_20160709_16-58-36,Mouse070_20160709_16-58-36,Male_likely,v1,annotator3,annotator4
annotator_multi4,0,1,0,1,0,0.0,,,,Male_likely/Mouse070_20160709_16-58-36,Mouse070_20160709_16-58-36,Male_likely,v1,annotator3,annotator4
0,60,65,50,15,10,0.7692307692307693,0.8333333333333334,0.8,0.858156198810999,Male_likely/Mouse070_20160709_16-58-36,Mouse070_20160709_16-58-36,Male_likely,v1,annotator3,annotator5
1,59,64,41,23,18,0.640625,0.6949152542372882,0.6666666666666667,0.7998337003138344,Male_likely/Mouse070_20160709_16-58-36,Mouse070_20160709_16-58-36,Male_likely,v1,annotator3,annotator5
annotator_multi3,1,0,0,0,1,,0.0,,,Male_likely/Mouse070_20160709_16-58-36,Mouse070_20160709_16-58-36,Male_likely,v1,annotator3,annotator5
annotator_multi5,0,1,0,1,0,0.0,,,,Male_likely/Mouse070_20160709_16-58-36,Mouse070_20160709_16-58-36,Male_likely,v1,annotator3,annotator5
0,60,43,39,4,21,0.9069767441860465,0.65,0.7572815533980582,0.8730795325026028,Male_likely/Mouse070_20160709_16-58-36,Mouse070_20160709_16-58-36,Male_likely,v1,annotator3,annotator6
1,59,42,34,8,25,0.8095238095238095,0.576271186440678,0.6732673267326733,0.7800325526450628,Male_likely/Mouse070_20160709_16-58-36,Mouse070_20160709_16-58-36,Male_likely,v1,annotator3,annotator6
annotator_multi3,1,0,0,0,1,,0.0,,,Male_likely/Mouse070_20160709_16-58-36,Mouse070_20160709_16-58-36,Male_likely,v1,annotator3,annotator6
annotator_multi6,0,1,0,1,0,0.0,,,,Male_likely/Mouse070_20160709_16-58-36,Mouse070_20160709_16-58-36,Male_likely,v1,annotator3,annotator6
0,60,20,19,1,41,0.95,0.31666666666666665,0.4749999999999999,0.8971048203856566,Male_likely/Mouse070_20160709_16-58-36,Mouse070_20160709_16-58-36,Male_likely,v1,annotator3,annotator7
1,59,20,13,7,46,0.65,0.22033898305084745,0.3291139240506329,0.7958436913435519,Male_likely/Mouse070_20160709_16-58-36,Mouse070_20160709_16-58-36,Male_likely,v1,annotator3,annotator7
annotator_multi3,1,0,0,0,1,,0.0,,,Male_likely/Mouse070_20160709_16-58-36,Mouse070_20160709_16-58-36,Male_likely,v1,annotator3,annotator7
annotator_multi7,0,1,0,1,0,0.0,,,,Male_likely/Mouse070_20160709_16-58-36,Mouse070_20160709_16-58-36,Male_likely,v1,annotator3,annotator7
0,60,40,36,4,24,0.9,0.6,0.7200000000000001,0.8395853818730797,Male_likely/Mouse070_20160709_16-58-36,Mouse070_20160709_16-58-36,Male_likely,v1,annotator3,annotator8
1,59,39,30,9,29,0.7692307692307693,0.5084745762711864,0.6122448979591837,0.7730637004789414,Male_likely/Mouse070_20160709_16-58-36,Mouse070_20160709_16-58-36,Male_likely,v1,annotator3,annotator8
annotator_multi3,1,0,0,0,1,,0.0,,,Male_likely/Mouse070_20160709_16-58-36,Mouse070_20160709_16-58-36,Male_likely,v1,annotator3,annotator8
annotator_multi8,0,1,0,1,0,0.0,,,,Male_likely/Mouse070_20160709_16-58-36,Mouse070_20160709_16-58-36,Male_likely,v1,annotator3,annotator8
0,52,65,41,24,11,0.6307692307692307,0.7884615384615384,0.7008547008547009,0.7895267829142747,Male_likely/Mouse070_20160709_16-58-36,Mouse070_20160709_16-58-36,Male_likely,v1,annotator4,annotator5
1,51,64,29,35,22,0.453125,0.5686274509803921,0.5043478260869565,0.7207901992489762,Male_likely/Mouse070_20160709_16-58-36,Mouse070_20160709_16-58-36,Male_likely,v1,annotator4,annotator5
annotator_multi4,1,0,0,0,1,,0.0,,,Male_likely/Mouse070_20160709_16-58-36,Mouse070_20160709_16-58-36,Male_likely,v1,annotator4,annotator5
annotator_multi5,0,1,0,1,0,0.0,,,,Male_likely/Mouse070_20160709_16-58-36,Mouse070_20160709_16-58-36,Male_likely,v1,annotator4,annotator5
0,52,43,37,6,15,0.8604651162790697,0.7115384615384616,0.7789473684210527,0.8721574544864408,Male_likely/Mouse070_20160709_16-58-36,Mouse070_20160709_16-58-36,Male_likely,v1,annotator4,annotator6
1,51,42,27,15,24,0.6428571428571429,0.5294117647058824,0.5806451612903226,0.8187799207884737,Male_likely/Mouse070_20160709_16-58-36,Mouse070_20160709_16-58-36,Male_likely,v1,annotator4,annotator6
annotator_multi4,1,0,0,0,1,,0.0,,,Male_likely/Mouse070_20160709_16-58-36,Mouse070_20160709_16-58-36,Male_likely,v1,annotator4,annotator6
annotator_multi6,0,1,0,1,0,0.0,,,,Male_likely/Mouse070_20160709_16-58-36,Mouse070_20160709_16-58-36,Male_likely,v1,annotator4,annotator6
0,52,20,18,2,34,0.9,0.34615384615384615,0.5,0.8549558455055434,Male_likely/Mouse070_20160709_16-58-36,Mouse070_20160709_16-58-36,Male_likely,v1,annotator4,annotator7
1,51,20,14,6,37,0.7,0.27450980392156865,0.3943661971830986,0.7674941936848114,Male_likely/Mouse070_20160709_16-58-36,Mouse070_20160709_16-58-36,Male_likely,v1,annotator4,annotator7
annotator_multi4,1,0,0,0,1,,0.0,,,Male_likely/Mouse070_20160709_16-58-36,Mouse070_20160709_16-58-36,Male_likely,v1,annotator4,annotator7
annotator_multi7,0,1,0,1,0,0.0,,,,Male_likely/Mouse070_20160709_16-58-36,Mouse070_20160709_16-58-36,Male_likely,v1,annotator4,annotator7
0,52,40,31,9,21,0.775,0.5961538461538461,0.6739130434782609,0.7582500748595176,Male_likely/Mouse070_20160709_16-58-36,Mouse070_20160709_16-58-36,Male_likely,v1,annotator4,annotator8
1,51,39,25,14,26,0.6410256410256411,0.49019607843137253,0.5555555555555556,0.7573351445237131,Male_likely/Mouse070_20160709_16-58-36,Mouse070_20160709_16-58-36,Male_likely,v1,annotator4,annotator8
annotator_multi4,1,0,0,0,1,,0.0,,,Male_likely/Mouse070_20160709_16-58-36,Mouse070_20160709_16-58-36,Male_likely,v1,annotator4,annotator8
annotator_multi8,0,1,0,1,0,0.0,,,,Male_likely/Mouse070_20160709_16-58-36,Mouse070_20160709_16-58-36,Male_likely,v1,annotator4,annotator8
0,65,43,39,4,26,0.9069767441860465,0.6,0.7222222222222222,0.8775089794547767,Male_likely/Mouse070_20160709_16-58-36,Mouse070_20160709_16-58-36,Male_likely,v1,annotator5,annotator6
1,64,42,26,16,38,0.6190476190476191,0.40625,0.49056603773584906,0.7604380015343851,Male_likely/Mouse070_20160709_16-58-36,Mouse070_20160709_16-58-36,Male_likely,v1,annotator5,annotator6
annotator_multi5,1,0,0,0,1,,0.0,,,Male_likely/Mouse070_20160709_16-58-36,Mouse070_20160709_16-58-36,Male_likely,v1,annotator5,annotator6
annotator_multi6,0,1,0,1,0,0.0,,,,Male_likely/Mouse070_20160709_16-58-36,Mouse070_20160709_16-58-36,Male_likely,v1,annotator5,annotator6
0,65,20,20,0,45,1.0,0.3076923076923077,0.47058823529411764,0.8775394497413759,Male_likely/Mouse070_20160709_16-58-36,Mouse070_20160709_16-58-36,Male_likely,v1,annotator5,annotator7
1,64,20,13,7,51,0.65,0.203125,0.30952380952380953,0.7785569800321037,Male_likely/Mouse070_20160709_16-58-36,Mouse070_20160709_16-58-36,Male_likely,v1,annotator5,annotator7
annotator_multi5,1,0,0,0,1,,0.0,,,Male_likely/Mouse070_20160709_16-58-36,Mouse070_20160709_16-58-36,Male_likely,v1,annotator5,annotator7
annotator_multi7,0,1,0,1,0,0.0,,,,Male_likely/Mouse070_20160709_16-58-36,Mouse070_20160709_16-58-36,Male_likely,v1,annotator5,annotator7
0,65,40,37,3,28,0.925,0.5692307692307692,0.7047619047619047,0.8372373218307058,Male_likely/Mouse070_20160709_16-58-36,Mouse070_20160709_16-58-36,Male_likely,v1,annotator5,annotator8
1,64,39,23,16,41,0.5897435897435898,0.359375,0.4466019417475728,0.7552159047324601,Male_likely/Mouse070_20160709_16-58-36,Mouse070_20160709_16-58-36,Male_likely,v1,annotator5,annotator8
annotator_multi5,1,0,0,0,1,,0.0,,,Male_likely/Mouse070_20160709_16-58-36,Mouse070_20160709_16-58-36,Male_likely,v1,annotator5,annotator8
annotator_multi8,0,1,0,1,0,0.0,,,,Male_likely/Mouse070_20160709_16-58-36,Mouse070_20160709_16-58-36,Male_likely,v1,annotator5,annotator8
0,43,20,20,0,23,1.0,0.46511627906976744,0.6349206349206349,0.8780193815070568,Male_likely/Mouse070_20160709_16-58-36,Mouse070_20160709_16-58-36,Male_likely,v1,annotator6,annotator7
1,42,20,15,5,27,0.75,0.35714285714285715,0.48387096774193544,0.8166601943240686,Male_likely/Mouse070_20160709_16-58-36,Mouse070_20160709_16-58-36,Male_likely,v1,annotator6,annotator7
annotator_multi6,1,0,0,0,1,,0.0,,,Male_likely/Mouse070_20160709_16-58-36,Mouse070_20160709_16-58-36,Male_likely,v1,annotator6,annotator7
annotator_multi7,0,1,0,1,0,0.0,,,,Male_likely/Mouse070_20160709_16-58-36,Mouse070_20160709_16-58-36,Male_likely,v1,annotator6,annotator7
0,43,40,32,8,11,0.8,0.7441860465116279,0.7710843373493975,0.8124933126954783,Male_likely/Mouse070_20160709_16-58-36,Mouse070_20160709_16-58-36,Male_likely,v1,annotator6,annotator8
1,42,39,25,14,17,0.6410256410256411,0.5952380952380952,0.617283950617284,0.8022797658411972,Male_likely/Mouse070_20160709_16-58-36,Mouse070_20160709_16-58-36,Male_likely,v1,annotator6,annotator8
annotator_multi6,1,0,0,0,1,,0.0,,,Male_likely/Mouse070_20160709_16-58-36,Mouse070_20160709_16-58-36,Male_likely,v1,annotator6,annotator8
annotator_multi8,0,1,0,1,0,0.0,,,,Male_likely/Mouse070_20160709_16-58-36,Mouse070_20160709_16-58-36,Male_likely,v1,annotator6,annotator8
0,20,40,20,20,0,0.5,1.0,0.6666666666666666,0.8803608769802921,Male_likely/Mouse070_20160709_16-58-36,Mouse070_20160709_16-58-36,Male_likely,v1,annotator7,annotator8
1,20,39,13,26,7,0.3333333333333333,0.65,0.4406779661016949,0.8281729888354119,Male_likely/Mouse070_20160709_16-58-36,Mouse070_20160709_16-58-36,Male_likely,v1,annotator7,annotator8
annotator_multi7,1,0,0,0,1,,0.0,,,Male_likely/Mouse070_20160709_16-58-36,Mouse070_20160709_16-58-36,Male_likely,v1,annotator7,annotator8
annotator_multi8,0,1,0,1,0,0.0,,,,Male_likely/Mouse070_20160709_16-58-36,Mouse070_20160709_16-58-36,Male_likely,v1,annotator7,annotator8
0,43,40,37,3,6,0.925,0.8604651162790697,0.891566265060241,0.8602829972422352,Male_likely/Mouse074_20160709_19-15-23,Mouse074_20160709_19-15-23,Male_likely,v1,annotator1,annotator2
1,42,39,32,7,10,0.8205128205128205,0.7619047619047619,0.7901234567901233,0.80849273306778,Male_likely/Mouse074_20160709_19-15-23,Mouse074_20160709_19-15-23,Male_likely,v1,annotator1,annotator2
annotator_multi1,1,0,0,0,1,,0.0,,,Male_likely/Mouse074_20160709_19-15-23,Mouse074_20160709_19-15-23,Male_likely,v1,annotator1,annotator2
annotator_multi2,0,1,0,1,0,0.0,,,,Male_likely/Mouse074_20160709_19-15-23,Mouse074_20160709_19-15-23,Male_likely,v1,annotator1,annotator2
0,43,43,37,6,6,0.8604651162790697,0.8604651162790697,0.8604651162790697,0.8853813675279782,Male_likely/Mouse074_20160709_19-15-23,Mouse074_20160709_19-15-23,Male_likely,v1,annotator1,annotator3
1,42,42,33,9,9,0.7857142857142857,0.7857142857142857,0.7857142857142857,0.8262342138606994,Male_likely/Mouse074_20160709_19-15-23,Mouse074_20160709_19-15-23,Male_likely,v1,annotator1,annotator3
annotator_multi1,1,0,0,0,1,,0.0,,,Male_likely/Mouse074_20160709_19-15-23,Mouse074_20160709_19-15-23,Male_likely,v1,annotator1,annotator3
annotator_multi3,0,1,0,1,0,0.0,,,,Male_likely/Mouse074_20160709_19-15-23,Mouse074_20160709_19-15-23,Male_likely,v1,annotator1,annotator3
0,43,51,38,13,5,0.7450980392156863,0.8837209302325582,0.8085106382978724,0.910060034499149,Male_likely/Mouse074_20160709_19-15-23,Mouse074_20160709_19-15-23,Male_likely,v1,annotator1,annotator4
1,42,50,37,13,5,0.74,0.8809523809523809,0.8043478260869565,0.750302133903441,Male_likely/Mouse074_20160709_19-15-23,Mouse074_20160709_19-15-23,Male_likely,v1,annotator1,annotator4
annotator_multi1,1,0,0,0,1,,0.0,,,Male_likely/Mouse074_20160709_19-15-23,Mouse074_20160709_19-15-23,Male_likely,v1,annotator1,annotator4
annotator_multi4,0,1,0,1,0,0.0,,,,Male_likely/Mouse074_20160709_19-15-23,Mouse074_20160709_19-15-23,Male_likely,v1,annotator1,annotator4
0,43,54,38,16,5,0.7037037037037037,0.8837209302325582,0.7835051546391752,0.8734577239071922,Male_likely/Mouse074_20160709_19-15-23,Mouse074_20160709_19-15-23,Male_likely,v1,annotator1,annotator5
1,42,53,30,23,12,0.5660377358490566,0.7142857142857143,0.631578947368421,0.8013979281233298,Male_likely/Mouse074_20160709_19-15-23,Mouse074_20160709_19-15-23,Male_likely,v1,annotator1,annotator5
annotator_multi1,1,0,0,0,1,,0.0,,,Male_likely/Mouse074_20160709_19-15-23,Mouse074_20160709_19-15-23,Male_likely,v1,annotator1,annotator5
annotator_multi5,0,1,0,1,0,0.0,,,,Male_likely/Mouse074_20160709_19-15-23,Mouse074_20160709_19-15-23,Male_likely,v1,annotator1,annotator5
0,43,61,40,21,3,0.6557377049180327,0.9302325581395349,0.7692307692307692,0.9047077539207882,Male_likely/Mouse074_20160709_19-15-23,Mouse074_20160709_19-15-23,Male_likely,v1,annotator1,annotator6
1,42,60,34,26,8,0.5666666666666667,0.8095238095238095,0.6666666666666666,0.8068924115117729,Male_likely/Mouse074_20160709_19-15-23,Mouse074_20160709_19-15-23,Male_likely,v1,annotator1,annotator6
annotator_multi1,1,0,0,0,1,,0.0,,,Male_likely/Mouse074_20160709_19-15-23,Mouse074_20160709_19-15-23,Male_likely,v1,annotator1,annotator6
annotator_multi6,0,1,0,1,0,0.0,,,,Male_likely/Mouse074_20160709_19-15-23,Mouse074_20160709_19-15-23,Male_likely,v1,annotator1,annotator6
0,43,24,24,0,19,1.0,0.5581395348837209,0.7164179104477612,0.9003595029413468,Male_likely/Mouse074_20160709_19-15-23,Mouse074_20160709_19-15-23,Male_likely,v1,annotator1,annotator7
1,42,23,13,10,29,0.5652173913043478,0.30952380952380953,0.39999999999999997,0.7602999821943974,Male_likely/Mouse074_20160709_19-15-23,Mouse074_20160709_19-15-23,Male_likely,v1,annotator1,annotator7
annotator_multi1,1,0,0,0,1,,0.0,,,Male_likely/Mouse074_20160709_19-15-23,Mouse074_20160709_19-15-23,Male_likely,v1,annotator1,annotator7
annotator_multi7,0,1,0,1,0,0.0,,,,Male_likely/Mouse074_20160709_19-15-23,Mouse074_20160709_19-15-23,Male_likely,v1,annotator1,annotator7
0,43,31,30,1,13,0.967741935483871,0.6976744186046512,0.810810810810811,0.808408021038444,Male_likely/Mouse074_20160709_19-15-23,Mouse074_20160709_19-15-23,Male_likely,v1,annotator1,annotator8
1,42,30,24,6,18,0.8,0.5714285714285714,0.6666666666666666,0.7012111449987987,Male_likely/Mouse074_20160709_19-15-23,Mouse074_20160709_19-15-23,Male_likely,v1,annotator1,annotator8
annotator_multi1,1,0,0,0,1,,0.0,,,Male_likely/Mouse074_20160709_19-15-23,Mouse074_20160709_19-15-23,Male_likely,v1,annotator1,annotator8
annotator_multi8,0,1,0,1,0,0.0,,,,Male_likely/Mouse074_20160709_19-15-23,Mouse074_20160709_19-15-23,Male_likely,v1,annotator1,annotator8
0,40,43,34,9,6,0.7906976744186046,0.85,0.8192771084337349,0.8745001210205826,Male_likely/Mouse074_20160709_19-15-23,Mouse074_20160709_19-15-23,Male_likely,v1,annotator2,annotator3
1,39,42,29,13,10,0.6904761904761905,0.7435897435897436,0.7160493827160495,0.7800757361243574,Male_likely/Mouse074_20160709_19-15-23,Mouse074_20160709_19-15-23,Male_likely,v1,annotator2,annotator3
annotator_multi2,1,0,0,0,1,,0.0,,,Male_likely/Mouse074_20160709_19-15-23,Mouse074_20160709_19-15-23,Male_likely,v1,annotator2,annotator3
annotator_multi3,0,1,0,1,0,0.0,,,,Male_likely/Mouse074_20160709_19-15-23,Mouse074_20160709_19-15-23,Male_likely,v1,annotator2,annotator3
0,40,51,39,12,1,0.7647058823529411,0.975,0.857142857142857,0.8486830139602523,Male_likely/Mouse074_20160709_19-15-23,Mouse074_20160709_19-15-23,Male_likely,v1,annotator2,annotator4
1,39,50,32,18,7,0.64,0.8205128205128205,0.7191011235955057,0.7765312329163567,Male_likely/Mouse074_20160709_19-15-23,Mouse074_20160709_19-15-23,Male_likely,v1,annotator2,annotator4
annotator_multi2,1,0,0,0,1,,0.0,,,Male_likely/Mouse074_20160709_19-15-23,Mouse074_20160709_19-15-23,Male_likely,v1,annotator2,annotator4
annotator_multi4,0,1,0,1,0,0.0,,,,Male_likely/Mouse074_20160709_19-15-23,Mouse074_20160709_19-15-23,Male_likely,v1,annotator2,annotator4
0,40,54,36,18,4,0.6666666666666666,0.9,0.7659574468085106,0.8604861227602746,Male_likely/Mouse074_20160709_19-15-23,Mouse074_20160709_19-15-23,Male_likely,v1,annotator2,annotator5
1,39,53,34,19,5,0.6415094339622641,0.8717948717948718,0.7391304347826088,0.8004916109723546,Male_likely/Mouse074_20160709_19-15-23,Mouse074_20160709_19-15-23,Male_likely,v1,annotator2,annotator5
annotator_multi2,1,0,0,0,1,,0.0,,,Male_likely/Mouse074_20160709_19-15-23,Mouse074_20160709_19-15-23,Male_likely,v1,annotator2,annotator5
annotator_multi5,0,1,0,1,0,0.0,,,,Male_likely/Mouse074_20160709_19-15-23,Mouse074_20160709_19-15-23,Male_likely,v1,annotator2,annotator5
0,40,61,38,23,2,0.6229508196721312,0.95,0.7524752475247525,0.8325502822083339,Male_likely/Mouse074_20160709_19-15-23,Mouse074_20160709_19-15-23,Male_likely,v1,annotator2,annotator6
1,39,60,28,32,11,0.4666666666666667,0.717948717948718,0.5656565656565657,0.7733840434864582,Male_likely/Mouse074_20160709_19-15-23,Mouse074_20160709_19-15-23,Male_likely,v1,annotator2,annotator6
annotator_multi2,1,0,0,0,1,,0.0,,,Male_likely/Mouse074_20160709_19-15-23,Mouse074_20160709_19-15-23,Male_likely,v1,annotator2,annotator6
annotator_multi6,0,1,0,1,0,0.0,,,,Male_likely/Mouse074_20160709_19-15-23,Mouse074_20160709_19-15-23,Male_likely,v1,annotator2,annotator6
0,40,24,24,0,16,1.0,0.6,0.7499999999999999,0.8776479793257348,Male_likely/Mouse074_20160709_19-15-23,Mouse074_20160709_19-15-23,Male_likely,v1,annotator2,annotator7
1,39,23,15,8,24,0.6521739130434783,0.38461538461538464,0.4838709677419355,0.6971660933029714,Male_likely/Mouse074_20160709_19-15-23,Mouse074_20160709_19-15-23,Male_likely,v1,annotator2,annotator7
annotator_multi2,1,0,0,0,1,,0.0,,,Male_likely/Mouse074_20160709_19-15-23,Mouse074_20160709_19-15-23,Male_likely,v1,annotator2,annotator7
annotator_multi7,0,1,0,1,0,0.0,,,,Male_likely/Mouse074_20160709_19-15-23,Mouse074_20160709_19-15-23,Male_likely,v1,annotator2,annotator7
0,40,31,29,2,11,0.9354838709677419,0.725,0.8169014084507041,0.803985288981103,Male_likely/Mouse074_20160709_19-15-23,Mouse074_20160709_19-15-23,Male_likely,v1,annotator2,annotator8
1,39,30,22,8,17,0.7333333333333333,0.5641025641025641,0.6376811594202899,0.6919734311457075,Male_likely/Mouse074_20160709_19-15-23,Mouse074_20160709_19-15-23,Male_likely,v1,annotator2,annotator8
annotator_multi2,1,0,0,0,1,,0.0,,,Male_likely/Mouse074_20160709_19-15-23,Mouse074_20160709_19-15-23,Male_likely,v1,annotator2,annotator8
annotator_multi8,0,1,0,1,0,0.0,,,,Male_likely/Mouse074_20160709_19-15-23,Mouse074_20160709_19-15-23,Male_likely,v1,annotator2,annotator8
0,43,51,36,15,7,0.7058823529411765,0.8372093023255814,0.7659574468085107,0.866816842416989,Male_likely/Mouse074_20160709_19-15-23,Mouse074_20160709_19-15-23,Male_likely,v1,annotator3,annotator4
1,42,50,32,18,10,0.64,0.7619047619047619,0.6956521739130435,0.7965230918481158,Male_likely/Mouse074_20160709_19-15-23,Mouse074_20160709_19-15-23,Male_likely,v1,annotator3,annotator4
annotator_multi3,1,0,0,0,1,,0.0,,,Male_likely/Mouse074_20160709_19-15-23,Mouse074_20160709_19-15-23,Male_likely,v1,annotator3,annotator4
annotator_multi4,0,1,0,1,0,0.0,,,,Male_likely/Mouse074_20160709_19-15-23,Mouse074_20160709_19-15-23,Male_likely,v1,annotator3,annotator4
0,43,54,35,19,8,0.6481481481481481,0.813953488372093,0.7216494845360826,0.8458571771142893,Male_likely/Mouse074_20160709_19-15-23,Mouse074_20160709_19-15-23,Male_likely,v1,annotator3,annotator5
1,42,53,28,25,14,0.5283018867924528,0.6666666666666666,0.5894736842105263,0.7952436691560065,Male_likely/Mouse074_20160709_19-15-23,Mouse074_20160709_19-15-23,Male_likely,v1,annotator3,annotator5
annotator_multi3,1,0,0,0,1,,0.0,,,Male_likely/Mouse074_20160709_19-15-23,Mouse074_20160709_19-15-23,Male_likely,v1,annotator3,annotator5
annotator_multi5,0,1,0,1,0,0.0,,,,Male_likely/Mouse074_20160709_19-15-23,Mouse074_20160709_19-15-23,Male_likely,v1,annotator3,annotator5
0,43,61,38,23,5,0.6229508196721312,0.8837209302325582,0.7307692307692308,0.831354257580192,Male_likely/Mouse074_20160709_19-15-23,Mouse074_20160709_19-15-23,Male_likely,v1,annotator3,annotator6
1,42,60,31,29,11,0.5166666666666667,0.7380952380952381,0.607843137254902,0.7897470232289349,Male_likely/Mouse074_20160709_19-15-23,Mouse074_20160709_19-15-23,Male_likely,v1,annotator3,annotator6
annotator_multi3,1,0,0,0,1,,0.0,,,Male_likely/Mouse074_20160709_19-15-23,Mouse074_20160709_19-15-23,Male_likely,v1,annotator3,annotator6
annotator_multi6,0,1,0,1,0,0.0,,,,Male_likely/Mouse074_20160709_19-15-23,Mouse074_20160709_19-15-23,Male_likely,v1,annotator3,annotator6
0,43,24,24,0,19,1.0,0.5581395348837209,0.7164179104477612,0.8492329195022853,Male_likely/Mouse074_20160709_19-15-23,Mouse074_20160709_19-15-23,Male_likely,v1,annotator3,annotator7
1,42,23,8,15,34,0.34782608695652173,0.19047619047619047,0.24615384615384614,0.8073298595980829,Male_likely/Mouse074_20160709_19-15-23,Mouse074_20160709_19-15-23,Male_likely,v1,annotator3,annotator7
annotator_multi3,1,0,0,0,1,,0.0,,,Male_likely/Mouse074_20160709_19-15-23,Mouse074_20160709_19-15-23,Male_likely,v1,annotator3,annotator7
annotator_multi7,0,1,0,1,0,0.0,,,,Male_likely/Mouse074_20160709_19-15-23,Mouse074_20160709_19-15-23,Male_likely,v1,annotator3,annotator7
0,43,31,29,2,14,0.9354838709677419,0.6744186046511628,0.7837837837837838,0.8235084993518241,Male_likely/Mouse074_20160709_19-15-23,Mouse074_20160709_19-15-23,Male_likely,v1,annotator3,annotator8
1,42,30,22,8,20,0.7333333333333333,0.5238095238095238,0.611111111111111,0.6833530087708523,Male_likely/Mouse074_20160709_19-15-23,Mouse074_20160709_19-15-23,Male_likely,v1,annotator3,annotator8
annotator_multi3,1,0,0,0,1,,0.0,,,Male_likely/Mouse074_20160709_19-15-23,Mouse074_20160709_19-15-23,Male_likely,v1,annotator3,annotator8
annotator_multi8,0,1,0,1,0,0.0,,,,Male_likely/Mouse074_20160709_19-15-23,Mouse074_20160709_19-15-23,Male_likely,v1,annotator3,annotator8
0,51,54,43,11,8,0.7962962962962963,0.8431372549019608,0.8190476190476189,0.8472224273944884,Male_likely/Mouse074_20160709_19-15-23,Mouse074_20160709_19-15-23,Male_likely,v1,annotator4,annotator5
1,50,53,37,16,13,0.6981132075471698,0.74,0.7184466019417476,0.8157984378450361,Male_likely/Mouse074_20160709_19-15-23,Mouse074_20160709_19-15-23,Male_likely,v1,annotator4,annotator5
annotator_multi4,1,0,0,0,1,,0.0,,,Male_likely/Mouse074_20160709_19-15-23,Mouse074_20160709_19-15-23,Male_likely,v1,annotator4,annotator5
annotator_multi5,0,1,0,1,0,0.0,,,,Male_likely/Mouse074_20160709_19-15-23,Mouse074_20160709_19-15-23,Male_likely,v1,annotator4,annotator5
0,51,61,44,17,7,0.7213114754098361,0.8627450980392157,0.7857142857142857,0.8646837919837961,Male_likely/Mouse074_20160709_19-15-23,Mouse074_20160709_19-15-23,Male_likely,v1,annotator4,annotator6
1,50,60,40,20,10,0.6666666666666666,0.8,0.7272727272727272,0.7859575389761061,Male_likely/Mouse074_20160709_19-15-23,Mouse074_20160709_19-15-23,Male_likely,v1,annotator4,annotator6
annotator_multi4,1,0,0,0,1,,0.0,,,Male_likely/Mouse074_20160709_19-15-23,Mouse074_20160709_19-15-23,Male_likely,v1,annotator4,annotator6
annotator_multi6,0,1,0,1,0,0.0,,,,Male_likely/Mouse074_20160709_19-15-23,Mouse074_20160709_19-15-23,Male_likely,v1,annotator4,annotator6
0,51,24,24,0,27,1.0,0.47058823529411764,0.6399999999999999,0.9069254118481241,Male_likely/Mouse074_20160709_19-15-23,Mouse074_20160709_19-15-23,Male_likely,v1,annotator4,annotator7
1,50,23,13,10,37,0.5652173913043478,0.26,0.3561643835616438,0.8031310497933895,Male_likely/Mouse074_20160709_19-15-23,Mouse074_20160709_19-15-23,Male_likely,v1,annotator4,annotator7
annotator_multi4,1,0,0,0,1,,0.0,,,Male_likely/Mouse074_20160709_19-15-23,Mouse074_20160709_19-15-23,Male_likely,v1,annotator4,annotator7
annotator_multi7,0,1,0,1,0,0.0,,,,Male_likely/Mouse074_20160709_19-15-23,Mouse074_20160709_19-15-23,Male_likely,v1,annotator4,annotator7
0,51,31,27,4,24,0.8709677419354839,0.5294117647058824,0.6585365853658537,0.7939805941059509,Male_likely/Mouse074_20160709_19-15-23,Mouse074_20160709_19-15-23,Male_likely,v1,annotator4,annotator8
1,50,30,16,14,34,0.5333333333333333,0.32,0.4,0.7222734257377873,Male_likely/Mouse074_20160709_19-15-23,Mouse074_20160709_19-15-23,Male_likely,v1,annotator4,annotator8
annotator_multi4,1,0,0,0,1,,0.0,,,Male_likely/Mouse074_20160709_19-15-23,Mouse074_20160709_19-15-23,Male_likely,v1,annotator4,annotator8
annotator_multi8,0,1,0,1,0,0.0,,,,Male_likely/Mouse074_20160709_19-15-23,Mouse074_20160709_19-15-23,Male_likely,v1,annotator4,annotator8
0,54,61,46,15,8,0.7540983606557377,0.8518518518518519,0.7999999999999999,0.8802222826653334,Male_likely/Mouse074_20160709_19-15-23,Mouse074_20160709_19-15-23,Male_likely,v1,annotator5,annotator6
1,53,60,39,21,14,0.65,0.7358490566037735,0.6902654867256638,0.8200979953313519,Male_likely/Mouse074_20160709_19-15-23,Mouse074_20160709_19-15-23,Male_likely,v1,annotator5,annotator6
annotator_multi5,1,0,0,0,1,,0.0,,,Male_likely/Mouse074_20160709_19-15-23,Mouse074_20160709_19-15-23,Male_likely,v1,annotator5,annotator6
annotator_multi6,0,1,0,1,0,0.0,,,,Male_likely/Mouse074_20160709_19-15-23,Mouse074_20160709_19-15-23,Male_likely,v1,annotator5,annotator6
0,54,24,24,0,30,1.0,0.4444444444444444,0.6153846153846153,0.8660056068410021,Male_likely/Mouse074_20160709_19-15-23,Mouse074_20160709_19-15-23,Male_likely,v1,annotator5,annotator7
1,53,23,11,12,42,0.4782608695652174,0.20754716981132076,0.2894736842105263,0.805945104728918,Male_likely/Mouse074_20160709_19-15-23,Mouse074_20160709_19-15-23,Male_likely,v1,annotator5,annotator7
annotator_multi5,1,0,0,0,1,,0.0,,,Male_likely/Mouse074_20160709_19-15-23,Mouse074_20160709_19-15-23,Male_likely,v1,annotator5,annotator7
annotator_multi7,0,1,0,1,0,0.0,,,,Male_likely/Mouse074_20160709_19-15-23,Mouse074_20160709_19-15-23,Male_likely,v1,annotator5,annotator7
0,54,31,26,5,28,0.8387096774193549,0.48148148148148145,0.6117647058823529,0.7711359274221313,Male_likely/Mouse074_20160709_19-15-23,Mouse074_20160709_19-15-23,Male_likely,v1,annotator5,annotator8
1,53,30,17,13,36,0.5666666666666667,0.32075471698113206,0.40963855421686746,0.694423721388823,Male_likely/Mouse074_20160709_19-15-23,Mouse074_20160709_19-15-23,Male_likely,v1,annotator5,annotator8
annotator_multi5,1,0,0,0,1,,0.0,,,Male_likely/Mouse074_20160709_19-15-23,Mouse074_20160709_19-15-23,Male_likely,v1,annotator5,annotator8
annotator_multi8,0,1,0,1,0,0.0,,,,Male_likely/Mouse074_20160709_19-15-23,Mouse074_20160709_19-15-23,Male_likely,v1,annotator5,annotator8
0,61,24,24,0,37,1.0,0.39344262295081966,0.5647058823529412,0.9041158711119482,Male_likely/Mouse074_20160709_19-15-23,Mouse074_20160709_19-15-23,Male_likely,v1,annotator6,annotator7
1,60,23,10,13,50,0.43478260869565216,0.16666666666666666,0.24096385542168672,0.7667032154451514,Male_likely/Mouse074_20160709_19-15-23,Mouse074_20160709_19-15-23,Male_likely,v1,annotator6,annotator7
annotator_multi6,1,0,0,0,1,,0.0,,,Male_likely/Mouse074_20160709_19-15-23,Mouse074_20160709_19-15-23,Male_likely,v1,annotator6,annotator7
annotator_multi7,0,1,0,1,0,0.0,,,,Male_likely/Mouse074_20160709_19-15-23,Mouse074_20160709_19-15-23,Male_likely,v1,annotator6,annotator7
0,61,31,27,4,34,0.8709677419354839,0.4426229508196721,0.5869565217391305,0.7782615786432766,Male_likely/Mouse074_20160709_19-15-23,Mouse074_20160709_19-15-23,Male_likely,v1,annotator6,annotator8
1,60,30,17,13,43,0.5666666666666667,0.2833333333333333,0.3777777777777777,0.6533590041589011,Male_likely/Mouse074_20160709_19-15-23,Mouse074_20160709_19-15-23,Male_likely,v1,annotator6,annotator8
annotator_multi6,1,0,0,0,1,,0.0,,,Male_likely/Mouse074_20160709_19-15-23,Mouse074_20160709_19-15-23,Male_likely,v1,annotator6,annotator8
annotator_multi8,0,1,0,1,0,0.0,,,,Male_likely/Mouse074_20160709_19-15-23,Mouse074_20160709_19-15-23,Male_likely,v1,annotator6,annotator8
0,24,31,23,8,1,0.7419354838709677,0.9583333333333334,0.8363636363636364,0.7801952707570955,Male_likely/Mouse074_20160709_19-15-23,Mouse074_20160709_19-15-23,Male_likely,v1,annotator7,annotator8
1,23,30,11,19,12,0.36666666666666664,0.4782608695652174,0.41509433962264153,0.6640770356969828,Male_likely/Mouse074_20160709_19-15-23,Mouse074_20160709_19-15-23,Male_likely,v1,annotator7,annotator8
annotator_multi7,1,0,0,0,1,,0.0,,,Male_likely/Mouse074_20160709_19-15-23,Mouse074_20160709_19-15-23,Male_likely,v1,annotator7,annotator8
annotator_multi8,0,1,0,1,0,0.0,,,,Male_likely/Mouse074_20160709_19-15-23,Mouse074_20160709_19-15-23,Male_likely,v1,annotator7,annotator8
0,119,105,91,14,28,0.8666666666666667,0.7647058823529411,0.8125,0.8322075478770986,Male_likely/Mouse077_20160709_18-29-34,Mouse077_20160709_18-29-34,Male_likely,v1,annotator1,annotator2
1,118,104,72,32,46,0.6923076923076923,0.6101694915254238,0.6486486486486487,0.7906834755051815,Male_likely/Mouse077_20160709_18-29-34,Mouse077_20160709_18-29-34,Male_likely,v1,annotator1,annotator2
annotator_multi1,1,0,0,0,1,,0.0,,,Male_likely/Mouse077_20160709_18-29-34,Mouse077_20160709_18-29-34,Male_likely,v1,annotator1,annotator2
annotator_multi2,0,1,0,1,0,0.0,,,,Male_likely/Mouse077_20160709_18-29-34,Mouse077_20160709_18-29-34,Male_likely,v1,annotator1,annotator2
0,119,124,96,28,23,0.7741935483870968,0.8067226890756303,0.7901234567901235,0.848069385458213,Male_likely/Mouse077_20160709_18-29-34,Mouse077_20160709_18-29-34,Male_likely,v1,annotator1,annotator3
1,118,123,75,48,43,0.6097560975609756,0.635593220338983,0.6224066390041494,0.7756235233641562,Male_likely/Mouse077_20160709_18-29-34,Mouse077_20160709_18-29-34,Male_likely,v1,annotator1,annotator3
annotator_multi1,1,0,0,0,1,,0.0,,,Male_likely/Mouse077_20160709_18-29-34,Mouse077_20160709_18-29-34,Male_likely,v1,annotator1,annotator3
annotator_multi3,0,1,0,1,0,0.0,,,,Male_likely/Mouse077_20160709_18-29-34,Mouse077_20160709_18-29-34,Male_likely,v1,annotator1,annotator3
0,119,118,97,21,22,0.8220338983050848,0.8151260504201681,0.818565400843882,0.8300517980845281,Male_likely/Mouse077_20160709_18-29-34,Mouse077_20160709_18-29-34,Male_likely,v1,annotator1,annotator4
1,118,117,82,35,36,0.7008547008547008,0.6949152542372882,0.6978723404255319,0.7824330689822414,Male_likely/Mouse077_20160709_18-29-34,Mouse077_20160709_18-29-34,Male_likely,v1,annotator1,annotator4
annotator_multi1,1,0,0,0,1,,0.0,,,Male_likely/Mouse077_20160709_18-29-34,Mouse077_20160709_18-29-34,Male_likely,v1,annotator1,annotator4
annotator_multi4,0,1,0,1,0,0.0,,,,Male_likely/Mouse077_20160709_18-29-34,Mouse077_20160709_18-29-34,Male_likely,v1,annotator1,annotator4
0,119,150,110,40,9,0.7333333333333333,0.9243697478991597,0.8178438661710038,0.851842808895827,Male_likely/Mouse077_20160709_18-29-34,Mouse077_20160709_18-29-34,Male_likely,v1,annotator1,annotator5
1,118,149,85,64,33,0.5704697986577181,0.7203389830508474,0.6367041198501872,0.7636492857894949,Male_likely/Mouse077_20160709_18-29-34,Mouse077_20160709_18-29-34,Male_likely,v1,annotator1,annotator5
annotator_multi1,1,0,0,0,1,,0.0,,,Male_likely/Mouse077_20160709_18-29-34,Mouse077_20160709_18-29-34,Male_likely,v1,annotator1,annotator5
annotator_multi5,0,1,0,1,0,0.0,,,,Male_likely/Mouse077_20160709_18-29-34,Mouse077_20160709_18-29-34,Male_likely,v1,annotator1,annotator5
0,119,154,105,49,14,0.6818181818181818,0.8823529411764706,0.7692307692307693,0.8487732355939366,Male_likely/Mouse077_20160709_18-29-34,Mouse077_20160709_18-29-34,Male_likely,v1,annotator1,annotator6
1,118,153,76,77,42,0.49673202614379086,0.6440677966101694,0.5608856088560885,0.8113672338703134,Male_likely/Mouse077_20160709_18-29-34,Mouse077_20160709_18-29-34,Male_likely,v1,annotator1,annotator6
annotator_multi1,1,0,0,0,1,,0.0,,,Male_likely/Mouse077_20160709_18-29-34,Mouse077_20160709_18-29-34,Male_likely,v1,annotator1,annotator6
annotator_multi6,0,1,0,1,0,0.0,,,,Male_likely/Mouse077_20160709_18-29-34,Mouse077_20160709_18-29-34,Male_likely,v1,annotator1,annotator6
0,119,25,24,1,95,0.96,0.20168067226890757,0.33333333333333337,0.9018329165171316,Male_likely/Mouse077_20160709_18-29-34,Mouse077_20160709_18-29-34,Male_likely,v1,annotator1,annotator7
1,118,25,7,18,111,0.28,0.059322033898305086,0.0979020979020979,0.8564263620579082,Male_likely/Mouse077_20160709_18-29-34,Mouse077_20160709_18-29-34,Male_likely,v1,annotator1,annotator7
annotator_multi1,1,0,0,0,1,,0.0,,,Male_likely/Mouse077_20160709_18-29-34,Mouse077_20160709_18-29-34,Male_likely,v1,annotator1,annotator7
annotator_multi7,0,1,0,1,0,0.0,,,,Male_likely/Mouse077_20160709_18-29-34,Mouse077_20160709_18-29-34,Male_likely,v1,annotator1,annotator7
0,119,89,71,18,48,0.797752808988764,0.5966386554621849,0.6826923076923076,0.8197736457627263,Male_likely/Mouse077_20160709_18-29-34,Mouse077_20160709_18-29-34,Male_likely,v1,annotator1,annotator8
1,118,88,57,31,61,0.6477272727272727,0.4830508474576271,0.5533980582524272,0.7275293495946918,Male_likely/Mouse077_20160709_18-29-34,Mouse077_20160709_18-29-34,Male_likely,v1,annotator1,annotator8
annotator_multi1,1,0,0,0,1,,0.0,,,Male_likely/Mouse077_20160709_18-29-34,Mouse077_20160709_18-29-34,Male_likely,v1,annotator1,annotator8
annotator_multi8,0,1,0,1,0,0.0,,,,Male_likely/Mouse077_20160709_18-29-34,Mouse077_20160709_18-29-34,Male_likely,v1,annotator1,annotator8
0,105,124,90,34,15,0.7258064516129032,0.8571428571428571,0.7860262008733625,0.8763068240239797,Male_likely/Mouse077_20160709_18-29-34,Mouse077_20160709_18-29-34,Male_likely,v1,annotator2,annotator3
1,104,123,84,39,20,0.6829268292682927,0.8076923076923077,0.7400881057268723,0.8076240603362242,Male_likely/Mouse077_20160709_18-29-34,Mouse077_20160709_18-29-34,Male_likely,v1,annotator2,annotator3
annotator_multi2,1,0,0,0,1,,0.0,,,Male_likely/Mouse077_20160709_18-29-34,Mouse077_20160709_18-29-34,Male_likely,v1,annotator2,annotator3
annotator_multi3,0,1,0,1,0,0.0,,,,Male_likely/Mouse077_20160709_18-29-34,Mouse077_20160709_18-29-34,Male_likely,v1,annotator2,annotator3
0,105,118,93,25,12,0.788135593220339,0.8857142857142857,0.8340807174887892,0.8565413592231286,Male_likely/Mouse077_20160709_18-29-34,Mouse077_20160709_18-29-34,Male_likely,v1,annotator2,annotator4
1,104,117,90,27,14,0.7692307692307693,0.8653846153846154,0.8144796380090499,0.8265370447103414,Male_likely/Mouse077_20160709_18-29-34,Mouse077_20160709_18-29-34,Male_likely,v1,annotator2,annotator4
annotator_multi2,1,0,0,0,1,,0.0,,,Male_likely/Mouse077_20160709_18-29-34,Mouse077_20160709_18-29-34,Male_likely,v1,annotator2,annotator4
annotator_multi4,0,1,0,1,0,0.0,,,,Male_likely/Mouse077_20160709_18-29-34,Mouse077_20160709_18-29-34,Male_likely,v1,annotator2,annotator4
0,105,150,98,52,7,0.6533333333333333,0.9333333333333333,0.7686274509803921,0.8402050329990145,Male_likely/Mouse077_20160709_18-29-34,Mouse077_20160709_18-29-34,Male_likely,v1,annotator2,annotator5
1,104,149,71,78,33,0.47651006711409394,0.6826923076923077,0.5612648221343874,0.7723454538426465,Male_likely/Mouse077_20160709_18-29-34,Mouse077_20160709_18-29-34,Male_likely,v1,annotator2,annotator5
annotator_multi2,1,0,0,0,1,,0.0,,,Male_likely/Mouse077_20160709_18-29-34,Mouse077_20160709_18-29-34,Male_likely,v1,annotator2,annotator5
annotator_multi5,0,1,0,1,0,0.0,,,,Male_likely/Mouse077_20160709_18-29-34,Mouse077_20160709_18-29-34,Male_likely,v1,annotator2,annotator5
0,105,154,97,57,8,0.6298701298701299,0.9238095238095239,0.7490347490347491,0.8118087415612892,Male_likely/Mouse077_20160709_18-29-34,Mouse077_20160709_18-29-34,Male_likely,v1,annotator2,annotator6
1,104,153,67,86,37,0.43790849673202614,0.6442307692307693,0.5214007782101167,0.7690115089110438,Male_likely/Mouse077_20160709_18-29-34,Mouse077_20160709_18-29-34,Male_likely,v1,annotator2,annotator6
annotator_multi2,1,0,0,0,1,,0.0,,,Male_likely/Mouse077_20160709_18-29-34,Mouse077_20160709_18-29-34,Male_likely,v1,annotator2,annotator6
annotator_multi6,0,1,0,1,0,0.0,,,,Male_likely/Mouse077_20160709_18-29-34,Mouse077_20160709_18-29-34,Male_likely,v1,annotator2,annotator6
0,105,25,24,1,81,0.96,0.22857142857142856,0.3692307692307692,0.8911165362641057,Male_likely/Mouse077_20160709_18-29-34,Mouse077_20160709_18-29-34,Male_likely,v1,annotator2,annotator7
1,104,25,6,19,98,0.24,0.057692307692307696,0.09302325581395349,0.8137606954697549,Male_likely/Mouse077_20160709_18-29-34,Mouse077_20160709_18-29-34,Male_likely,v1,annotator2,annotator7
annotator_multi2,1,0,0,0,1,,0.0,,,Male_likely/Mouse077_20160709_18-29-34,Mouse077_20160709_18-29-34,Male_likely,v1,annotator2,annotator7
annotator_multi7,0,1,0,1,0,0.0,,,,Male_likely/Mouse077_20160709_18-29-34,Mouse077_20160709_18-29-34,Male_likely,v1,annotator2,annotator7
0,105,89,70,19,35,0.7865168539325843,0.6666666666666666,0.7216494845360824,0.8060105965442127,Male_likely/Mouse077_20160709_18-29-34,Mouse077_20160709_18-29-34,Male_likely,v1,annotator2,annotator8
1,104,88,61,27,43,0.6931818181818182,0.5865384615384616,0.6354166666666667,0.755170476179537,Male_likely/Mouse077_20160709_18-29-34,Mouse077_20160709_18-29-34,Male_likely,v1,annotator2,annotator8
annotator_multi2,1,0,0,0,1,,0.0,,,Male_likely/Mouse077_20160709_18-29-34,Mouse077_20160709_18-29-34,Male_likely,v1,annotator2,annotator8
annotator_multi8,0,1,0,1,0,0.0,,,,Male_likely/Mouse077_20160709_18-29-34,Mouse077_20160709_18-29-34,Male_likely,v1,annotator2,annotator8
0,124,118,96,22,28,0.8135593220338984,0.7741935483870968,0.7933884297520662,0.8686877963550771,Male_likely/Mouse077_20160709_18-29-34,Mouse077_20160709_18-29-34,Male_likely,v1,annotator3,annotator4
1,123,117,83,34,40,0.7094017094017094,0.6747967479674797,0.6916666666666667,0.8076452569856846,Male_likely/Mouse077_20160709_18-29-34,Mouse077_20160709_18-29-34,Male_likely,v1,annotator3,annotator4
annotator_multi3,1,0,0,0,1,,0.0,,,Male_likely/Mouse077_20160709_18-29-34,Mouse077_20160709_18-29-34,Male_likely,v1,annotator3,annotator4
annotator_multi4,0,1,0,1,0,0.0,,,,Male_likely/Mouse077_20160709_18-29-34,Mouse077_20160709_18-29-34,Male_likely,v1,annotator3,annotator4
0,124,150,102,48,22,0.68,0.8225806451612904,0.7445255474452556,0.8670606385902803,Male_likely/Mouse077_20160709_18-29-34,Mouse077_20160709_18-29-34,Male_likely,v1,annotator3,annotator5
1,123,149,77,72,46,0.5167785234899329,0.6260162601626016,0.5661764705882353,0.790835542292965,Male_likely/Mouse077_20160709_18-29-34,Mouse077_20160709_18-29-34,Male_likely,v1,annotator3,annotator5
annotator_multi3,1,0,0,0,1,,0.0,,,Male_likely/Mouse077_20160709_18-29-34,Mouse077_20160709_18-29-34,Male_likely,v1,annotator3,annotator5
annotator_multi5,0,1,0,1,0,0.0,,,,Male_likely/Mouse077_20160709_18-29-34,Mouse077_20160709_18-29-34,Male_likely,v1,annotator3,annotator5
0,124,154,104,50,20,0.6753246753246753,0.8387096774193549,0.7482014388489209,0.85229563374975,Male_likely/Mouse077_20160709_18-29-34,Mouse077_20160709_18-29-34,Male_likely,v1,annotator3,annotator6
1,123,153,83,70,40,0.5424836601307189,0.6747967479674797,0.6014492753623188,0.7722110819715192,Male_likely/Mouse077_20160709_18-29-34,Mouse077_20160709_18-29-34,Male_likely,v1,annotator3,annotator6
annotator_multi3,1,0,0,0,1,,0.0,,,Male_likely/Mouse077_20160709_18-29-34,Mouse077_20160709_18-29-34,Male_likely,v1,annotator3,annotator6
annotator_multi6,0,1,0,1,0,0.0,,,,Male_likely/Mouse077_20160709_18-29-34,Mouse077_20160709_18-29-34,Male_likely,v1,annotator3,annotator6
0,124,25,24,1,100,0.96,0.1935483870967742,0.3221476510067114,0.8784239003150226,Male_likely/Mouse077_20160709_18-29-34,Mouse077_20160709_18-29-34,Male_likely,v1,annotator3,annotator7
1,123,25,8,17,115,0.32,0.06504065040650407,0.10810810810810811,0.7820660035664058,Male_likely/Mouse077_20160709_18-29-34,Mouse077_20160709_18-29-34,Male_likely,v1,annotator3,annotator7
annotator_multi3,1,0,0,0,1,,0.0,,,Male_likely/Mouse077_20160709_18-29-34,Mouse077_20160709_18-29-34,Male_likely,v1,annotator3,annotator7
annotator_multi7,0,1,0,1,0,0.0,,,,Male_likely/Mouse077_20160709_18-29-34,Mouse077_20160709_18-29-34,Male_likely,v1,annotator3,annotator7
0,124,89,72,17,52,0.8089887640449438,0.5806451612903226,0.676056338028169,0.811325511679623,Male_likely/Mouse077_20160709_18-29-34,Mouse077_20160709_18-29-34,Male_likely,v1,annotator3,annotator8
1,123,88,59,29,64,0.6704545454545454,0.4796747967479675,0.5592417061611374,0.745414125673737,Male_likely/Mouse077_20160709_18-29-34,Mouse077_20160709_18-29-34,Male_likely,v1,annotator3,annotator8
annotator_multi3,1,0,0,0,1,,0.0,,,Male_likely/Mouse077_20160709_18-29-34,Mouse077_20160709_18-29-34,Male_likely,v1,annotator3,annotator8
annotator_multi8,0,1,0,1,0,0.0,,,,Male_likely/Mouse077_20160709_18-29-34,Mouse077_20160709_18-29-34,Male_likely,v1,annotator3,annotator8
0,118,150,105,45,13,0.7,0.8898305084745762,0.7835820895522386,0.867292357325988,Male_likely/Mouse077_20160709_18-29-34,Mouse077_20160709_18-29-34,Male_likely,v1,annotator4,annotator5
1,117,149,84,65,33,0.5637583892617449,0.717948717948718,0.631578947368421,0.7951064189060236,Male_likely/Mouse077_20160709_18-29-34,Mouse077_20160709_18-29-34,Male_likely,v1,annotator4,annotator5
annotator_multi4,1,0,0,0,1,,0.0,,,Male_likely/Mouse077_20160709_18-29-34,Mouse077_20160709_18-29-34,Male_likely,v1,annotator4,annotator5
annotator_multi5,0,1,0,1,0,0.0,,,,Male_likely/Mouse077_20160709_18-29-34,Mouse077_20160709_18-29-34,Male_likely,v1,annotator4,annotator5
0,118,154,111,43,7,0.7207792207792207,0.940677966101695,0.8161764705882353,0.8386290847507675,Male_likely/Mouse077_20160709_18-29-34,Mouse077_20160709_18-29-34,Male_likely,v1,annotator4,annotator6
1,117,153,77,76,40,0.5032679738562091,0.6581196581196581,0.5703703703703704,0.7962642354516781,Male_likely/Mouse077_20160709_18-29-34,Mouse077_20160709_18-29-34,Male_likely,v1,annotator4,annotator6
annotator_multi4,1,0,0,0,1,,0.0,,,Male_likely/Mouse077_20160709_18-29-34,Mouse077_20160709_18-29-34,Male_likely,v1,annotator4,annotator6
annotator_multi6,0,1,0,1,0,0.0,,,,Male_likely/Mouse077_20160709_18-29-34,Mouse077_20160709_18-29-34,Male_likely,v1,annotator4,annotator6
0,118,25,24,1,94,0.96,0.2033898305084746,0.33566433566433573,0.8890414976949561,Male_likely/Mouse077_20160709_18-29-34,Mouse077_20160709_18-29-34,Male_likely,v1,annotator4,annotator7
1,117,25,8,17,109,0.32,0.06837606837606838,0.11267605633802817,0.8004294641792492,Male_likely/Mouse077_20160709_18-29-34,Mouse077_20160709_18-29-34,Male_likely,v1,annotator4,annotator7
annotator_multi4,1,0,0,0,1,,0.0,,,Male_likely/Mouse077_20160709_18-29-34,Mouse077_20160709_18-29-34,Male_likely,v1,annotator4,annotator7
annotator_multi7,0,1,0,1,0,0.0,,,,Male_likely/Mouse077_20160709_18-29-34,Mouse077_20160709_18-29-34,Male_likely,v1,annotator4,annotator7
0,118,89,71,18,47,0.797752808988764,0.6016949152542372,0.6859903381642511,0.8141609556751176,Male_likely/Mouse077_20160709_18-29-34,Mouse077_20160709_18-29-34,Male_likely,v1,annotator4,annotator8
1,117,88,66,22,51,0.75,0.5641025641025641,0.6439024390243903,0.7202761393248569,Male_likely/Mouse077_20160709_18-29-34,Mouse077_20160709_18-29-34,Male_likely,v1,annotator4,annotator8
annotator_multi4,1,0,0,0,1,,0.0,,,Male_likely/Mouse077_20160709_18-29-34,Mouse077_20160709_18-29-34,Male_likely,v1,annotator4,annotator8
annotator_multi8,0,1,0,1,0,0.0,,,,Male_likely/Mouse077_20160709_18-29-34,Mouse077_20160709_18-29-34,Male_likely,v1,annotator4,annotator8
0,150,154,119,35,31,0.7727272727272727,0.7933333333333333,0.7828947368421053,0.8527933642178833,Male_likely/Mouse077_20160709_18-29-34,Mouse077_20160709_18-29-34,Male_likely,v1,annotator5,annotator6
1,149,153,92,61,57,0.6013071895424836,0.6174496644295302,0.609271523178808,0.7989951325235225,Male_likely/Mouse077_20160709_18-29-34,Mouse077_20160709_18-29-34,Male_likely,v1,annotator5,annotator6
annotator_multi5,1,0,0,0,1,,0.0,,,Male_likely/Mouse077_20160709_18-29-34,Mouse077_20160709_18-29-34,Male_likely,v1,annotator5,annotator6
annotator_multi6,0,1,0,1,0,0.0,,,,Male_likely/Mouse077_20160709_18-29-34,Mouse077_20160709_18-29-34,Male_likely,v1,annotator5,annotator6
0,150,25,24,1,126,0.96,0.16,0.2742857142857143,0.9082322006890297,Male_likely/Mouse077_20160709_18-29-34,Mouse077_20160709_18-29-34,Male_likely,v1,annotator5,annotator7
1,149,25,6,19,143,0.24,0.040268456375838924,0.06896551724137931,0.8294927251050684,Male_likely/Mouse077_20160709_18-29-34,Mouse077_20160709_18-29-34,Male_likely,v1,annotator5,annotator7
annotator_multi5,1,0,0,0,1,,0.0,,,Male_likely/Mouse077_20160709_18-29-34,Mouse077_20160709_18-29-34,Male_likely,v1,annotator5,annotator7
annotator_multi7,0,1,0,1,0,0.0,,,,Male_likely/Mouse077_20160709_18-29-34,Mouse077_20160709_18-29-34,Male_likely,v1,annotator5,annotator7
0,150,89,73,16,77,0.8202247191011236,0.4866666666666667,0.6108786610878661,0.7993870170545977,Male_likely/Mouse077_20160709_18-29-34,Mouse077_20160709_18-29-34,Male_likely,v1,annotator5,annotator8
1,149,88,45,43,104,0.5113636363636364,0.30201342281879195,0.37974683544303794,0.6902302484523228,Male_likely/Mouse077_20160709_18-29-34,Mouse077_20160709_18-29-34,Male_likely,v1,annotator5,annotator8
annotator_multi5,1,0,0,0,1,,0.0,,,Male_likely/Mouse077_20160709_18-29-34,Mouse077_20160709_18-29-34,Male_likely,v1,annotator5,annotator8
annotator_multi8,0,1,0,1,0,0.0,,,,Male_likely/Mouse077_20160709_18-29-34,Mouse077_20160709_18-29-34,Male_likely,v1,annotator5,annotator8
0,154,25,24,1,130,0.96,0.15584415584415584,0.2681564245810056,0.8712437598733693,Male_likely/Mouse077_20160709_18-29-34,Mouse077_20160709_18-29-34,Male_likely,v1,annotator6,annotator7
1,153,25,5,20,148,0.2,0.032679738562091505,0.05617977528089888,0.8503082288150763,Male_likely/Mouse077_20160709_18-29-34,Mouse077_20160709_18-29-34,Male_likely,v1,annotator6,annotator7
annotator_multi6,1,0,0,0,1,,0.0,,,Male_likely/Mouse077_20160709_18-29-34,Mouse077_20160709_18-29-34,Male_likely,v1,annotator6,annotator7
annotator_multi7,0,1,0,1,0,0.0,,,,Male_likely/Mouse077_20160709_18-29-34,Mouse077_20160709_18-29-34,Male_likely,v1,annotator6,annotator7
0,154,89,75,14,79,0.8426966292134831,0.487012987012987,0.6172839506172839,0.7988270192382636,Male_likely/Mouse077_20160709_18-29-34,Mouse077_20160709_18-29-34,Male_likely,v1,annotator6,annotator8
1,153,88,48,40,105,0.5454545454545454,0.3137254901960784,0.3983402489626556,0.6733785969940103,Male_likely/Mouse077_20160709_18-29-34,Mouse077_20160709_18-29-34,Male_likely,v1,annotator6,annotator8
annotator_multi6,1,0,0,0,1,,0.0,,,Male_likely/Mouse077_20160709_18-29-34,Mouse077_20160709_18-29-34,Male_likely,v1,annotator6,annotator8
annotator_multi8,0,1,0,1,0,0.0,,,,Male_likely/Mouse077_20160709_18-29-34,Mouse077_20160709_18-29-34,Male_likely,v1,annotator6,annotator8
0,25,89,23,66,2,0.25842696629213485,0.92,0.4035087719298246,0.854274099291516,Male_likely/Mouse077_20160709_18-29-34,Mouse077_20160709_18-29-34,Male_likely,v1,annotator7,annotator8
1,25,88,6,82,19,0.06818181818181818,0.24,0.10619469026548671,0.8119845568597411,Male_likely/Mouse077_20160709_18-29-34,Mouse077_20160709_18-29-34,Male_likely,v1,annotator7,annotator8
annotator_multi7,1,0,0,0,1,,0.0,,,Male_likely/Mouse077_20160709_18-29-34,Mouse077_20160709_18-29-34,Male_likely,v1,annotator7,annotator8
annotator_multi8,0,1,0,1,0,0.0,,,,Male_likely/Mouse077_20160709_18-29-34,Mouse077_20160709_18-29-34,Male_likely,v1,annotator7,annotator8
0,16,31,13,18,3,0.41935483870967744,0.8125,0.5531914893617021,0.8601646571113567,Undetermined/Mouse162_20161017_19-58-28,Mouse162_20161017_19-58-28,Undetermined,v1,annotator1,annotator2
1,15,30,7,23,8,0.23333333333333334,0.4666666666666667,0.31111111111111117,0.7229597447069809,Undetermined/Mouse162_20161017_19-58-28,Mouse162_20161017_19-58-28,Undetermined,v1,annotator1,annotator2
annotator_multi1,1,0,0,0,1,,0.0,,,Undetermined/Mouse162_20161017_19-58-28,Mouse162_20161017_19-58-28,Undetermined,v1,annotator1,annotator2
annotator_multi2,0,1,0,1,0,0.0,,,,Undetermined/Mouse162_20161017_19-58-28,Mouse162_20161017_19-58-28,Undetermined,v1,annotator1,annotator2
0,16,10,10,0,6,1.0,0.625,0.7692307692307693,0.8595903673555384,Undetermined/Mouse162_20161017_19-58-28,Mouse162_20161017_19-58-28,Undetermined,v1,annotator1,annotator3
1,15,9,6,3,9,0.6666666666666666,0.4,0.5,0.7457528423393983,Undetermined/Mouse162_20161017_19-58-28,Mouse162_20161017_19-58-28,Undetermined,v1,annotator1,annotator3
annotator_multi1,1,0,0,0,1,,0.0,,,Undetermined/Mouse162_20161017_19-58-28,Mouse162_20161017_19-58-28,Undetermined,v1,annotator1,annotator3
annotator_multi3,0,1,0,1,0,0.0,,,,Undetermined/Mouse162_20161017_19-58-28,Mouse162_20161017_19-58-28,Undetermined,v1,annotator1,annotator3
0,16,13,12,1,4,0.9230769230769231,0.75,0.8275862068965517,0.916289346093098,Undetermined/Mouse162_20161017_19-58-28,Mouse162_20161017_19-58-28,Undetermined,v1,annotator1,annotator4
1,15,12,6,6,9,0.5,0.4,0.4444444444444445,0.8493778004194671,Undetermined/Mouse162_20161017_19-58-28,Mouse162_20161017_19-58-28,Undetermined,v1,annotator1,annotator4
annotator_multi1,1,0,0,0,1,,0.0,,,Undetermined/Mouse162_20161017_19-58-28,Mouse162_20161017_19-58-28,Undetermined,v1,annotator1,annotator4
annotator_multi4,0,1,0,1,0,0.0,,,,Undetermined/Mouse162_20161017_19-58-28,Mouse162_20161017_19-58-28,Undetermined,v1,annotator1,annotator4
0,16,33,14,19,2,0.42424242424242425,0.875,0.5714285714285714,0.8155729759751537,Undetermined/Mouse162_20161017_19-58-28,Mouse162_20161017_19-58-28,Undetermined,v1,annotator1,annotator5
1,15,32,8,24,7,0.25,0.5333333333333333,0.3404255319148936,0.7808670733911863,Undetermined/Mouse162_20161017_19-58-28,Mouse162_20161017_19-58-28,Undetermined,v1,annotator1,annotator5
annotator_multi1,1,0,0,0,1,,0.0,,,Undetermined/Mouse162_20161017_19-58-28,Mouse162_20161017_19-58-28,Undetermined,v1,annotator1,annotator5
annotator_multi5,0,1,0,1,0,0.0,,,,Undetermined/Mouse162_20161017_19-58-28,Mouse162_20161017_19-58-28,Undetermined,v1,annotator1,annotator5
0,16,23,14,9,2,0.6086956521739131,0.875,0.717948717948718,0.8994140733574932,Undetermined/Mouse162_20161017_19-58-28,Mouse162_20161017_19-58-28,Undetermined,v1,annotator1,annotator6
1,15,22,8,14,7,0.36363636363636365,0.5333333333333333,0.43243243243243246,0.7692726542591921,Undetermined/Mouse162_20161017_19-58-28,Mouse162_20161017_19-58-28,Undetermined,v1,annotator1,annotator6
annotator_multi1,1,0,0,0,1,,0.0,,,Undetermined/Mouse162_20161017_19-58-28,Mouse162_20161017_19-58-28,Undetermined,v1,annotator1,annotator6
annotator_multi6,0,1,0,1,0,0.0,,,,Undetermined/Mouse162_20161017_19-58-28,Mouse162_20161017_19-58-28,Undetermined,v1,annotator1,annotator6
0,16,5,4,1,12,0.8,0.25,0.38095238095238093,0.8264416731894055,Undetermined/Mouse162_20161017_19-58-28,Mouse162_20161017_19-58-28,Undetermined,v1,annotator1,annotator7
1,15,4,2,2,13,0.5,0.13333333333333333,0.2105263157894737,0.7897995283018868,Undetermined/Mouse162_20161017_19-58-28,Mouse162_20161017_19-58-28,Undetermined,v1,annotator1,annotator7
annotator_multi1,1,0,0,0,1,,0.0,,,Undetermined/Mouse162_20161017_19-58-28,Mouse162_20161017_19-58-28,Undetermined,v1,annotator1,annotator7
annotator_multi7,0,1,0,1,0,0.0,,,,Undetermined/Mouse162_20161017_19-58-28,Mouse162_20161017_19-58-28,Undetermined,v1,annotator1,annotator7
0,16,12,11,1,5,0.9166666666666666,0.6875,0.7857142857142857,0.8494938850208649,Undetermined/Mouse162_20161017_19-58-28,Mouse162_20161017_19-58-28,Undetermined,v1,annotator1,annotator8
1,15,11,5,6,10,0.45454545454545453,0.3333333333333333,0.3846153846153846,0.6757293301936158,Undetermined/Mouse162_20161017_19-58-28,Mouse162_20161017_19-58-28,Undetermined,v1,annotator1,annotator8
annotator_multi1,1,0,0,0,1,,0.0,,,Undetermined/Mouse162_20161017_19-58-28,Mouse162_20161017_19-58-28,Undetermined,v1,annotator1,annotator8
annotator_multi8,0,1,0,1,0,0.0,,,,Undetermined/Mouse162_20161017_19-58-28,Mouse162_20161017_19-58-28,Undetermined,v1,annotator1,annotator8
0,31,10,9,1,22,0.9,0.2903225806451613,0.4390243902439024,0.8040363435372065,Undetermined/Mouse162_20161017_19-58-28,Mouse162_20161017_19-58-28,Undetermined,v1,annotator2,annotator3
1,30,9,8,1,22,0.8888888888888888,0.26666666666666666,0.41025641025641024,0.6991628574564894,Undetermined/Mouse162_20161017_19-58-28,Mouse162_20161017_19-58-28,Undetermined,v1,annotator2,annotator3
annotator_multi2,1,0,0,0,1,,0.0,,,Undetermined/Mouse162_20161017_19-58-28,Mouse162_20161017_19-58-28,Undetermined,v1,annotator2,annotator3
annotator_multi3,0,1,0,1,0,0.0,,,,Undetermined/Mouse162_20161017_19-58-28,Mouse162_20161017_19-58-28,Undetermined,v1,annotator2,annotator3
0,31,13,11,2,20,0.8461538461538461,0.3548387096774194,0.5,0.8756804532699135,Undetermined/Mouse162_20161017_19-58-28,Mouse162_20161017_19-58-28,Undetermined,v1,annotator2,annotator4
1,30,12,12,0,18,1.0,0.4,0.5714285714285715,0.744167825098049,Undetermined/Mouse162_20161017_19-58-28,Mouse162_20161017_19-58-28,Undetermined,v1,annotator2,annotator4
annotator_multi2,1,0,0,0,1,,0.0,,,Undetermined/Mouse162_20161017_19-58-28,Mouse162_20161017_19-58-28,Undetermined,v1,annotator2,annotator4
annotator_multi4,0,1,0,1,0,0.0,,,,Undetermined/Mouse162_20161017_19-58-28,Mouse162_20161017_19-58-28,Undetermined,v1,annotator2,annotator4
0,31,33,26,7,5,0.7878787878787878,0.8387096774193549,0.8125,0.8523167196499111,Undetermined/Mouse162_20161017_19-58-28,Mouse162_20161017_19-58-28,Undetermined,v1,annotator2,annotator5
1,30,32,14,18,16,0.4375,0.4666666666666667,0.45161290322580644,0.7165563636458654,Undetermined/Mouse162_20161017_19-58-28,Mouse162_20161017_19-58-28,Undetermined,v1,annotator2,annotator5
annotator_multi2,1,0,0,0,1,,0.0,,,Undetermined/Mouse162_20161017_19-58-28,Mouse162_20161017_19-58-28,Undetermined,v1,annotator2,annotator5
annotator_multi5,0,1,0,1,0,0.0,,,,Undetermined/Mouse162_20161017_19-58-28,Mouse162_20161017_19-58-28,Undetermined,v1,annotator2,annotator5
0,31,23,18,5,13,0.782608695652174,0.5806451612903226,0.6666666666666667,0.8260860404301554,Undetermined/Mouse162_20161017_19-58-28,Mouse162_20161017_19-58-28,Undetermined,v1,annotator2,annotator6
1,30,22,15,7,15,0.6818181818181818,0.5,0.576923076923077,0.6921220509480702,Undetermined/Mouse162_20161017_19-58-28,Mouse162_20161017_19-58-28,Undetermined,v1,annotator2,annotator6
annotator_multi2,1,0,0,0,1,,0.0,,,Undetermined/Mouse162_20161017_19-58-28,Mouse162_20161017_19-58-28,Undetermined,v1,annotator2,annotator6
annotator_multi6,0,1,0,1,0,0.0,,,,Undetermined/Mouse162_20161017_19-58-28,Mouse162_20161017_19-58-28,Undetermined,v1,annotator2,annotator6
0,31,5,3,2,28,0.6,0.0967741935483871,0.16666666666666666,0.8064800827827963,Undetermined/Mouse162_20161017_19-58-28,Mouse162_20161017_19-58-28,Undetermined,v1,annotator2,annotator7
1,30,4,3,1,27,0.75,0.1,0.17647058823529416,0.6179441388071091,Undetermined/Mouse162_20161017_19-58-28,Mouse162_20161017_19-58-28,Undetermined,v1,annotator2,annotator7
annotator_multi2,1,0,0,0,1,,0.0,,,Undetermined/Mouse162_20161017_19-58-28,Mouse162_20161017_19-58-28,Undetermined,v1,annotator2,annotator7
annotator_multi7,0,1,0,1,0,0.0,,,,Undetermined/Mouse162_20161017_19-58-28,Mouse162_20161017_19-58-28,Undetermined,v1,annotator2,annotator7
0,31,12,10,2,21,0.8333333333333334,0.3225806451612903,0.4651162790697674,0.8081240400677132,Undetermined/Mouse162_20161017_19-58-28,Mouse162_20161017_19-58-28,Undetermined,v1,annotator2,annotator8
1,30,11,6,5,24,0.5454545454545454,0.2,0.29268292682926833,0.6354705605880451,Undetermined/Mouse162_20161017_19-58-28,Mouse162_20161017_19-58-28,Undetermined,v1,annotator2,annotator8
annotator_multi2,1,0,0,0,1,,0.0,,,Undetermined/Mouse162_20161017_19-58-28,Mouse162_20161017_19-58-28,Undetermined,v1,annotator2,annotator8
annotator_multi8,0,1,0,1,0,0.0,,,,Undetermined/Mouse162_20161017_19-58-28,Mouse162_20161017_19-58-28,Undetermined,v1,annotator2,annotator8
0,10,13,10,3,0,0.7692307692307693,1.0,0.8695652173913044,0.8343495790179837,Undetermined/Mouse162_20161017_19-58-28,Mouse162_20161017_19-58-28,Undetermined,v1,annotator3,annotator4
1,9,12,8,4,1,0.6666666666666666,0.8888888888888888,0.761904761904762,0.7891522970184701,Undetermined/Mouse162_20161017_19-58-28,Mouse162_20161017_19-58-28,Undetermined,v1,annotator3,annotator4
annotator_multi3,1,0,0,0,1,,0.0,,,Undetermined/Mouse162_20161017_19-58-28,Mouse162_20161017_19-58-28,Undetermined,v1,annotator3,annotator4
annotator_multi4,0,1,0,1,0,0.0,,,,Undetermined/Mouse162_20161017_19-58-28,Mouse162_20161017_19-58-28,Undetermined,v1,annotator3,annotator4
0,10,33,8,25,2,0.24242424242424243,0.8,0.372093023255814,0.8968463922057112,Undetermined/Mouse162_20161017_19-58-28,Mouse162_20161017_19-58-28,Undetermined,v1,annotator3,annotator5
1,9,32,6,26,3,0.1875,0.6666666666666666,0.29268292682926833,0.7457054593516464,Undetermined/Mouse162_20161017_19-58-28,Mouse162_20161017_19-58-28,Undetermined,v1,annotator3,annotator5
annotator_multi3,1,0,0,0,1,,0.0,,,Undetermined/Mouse162_20161017_19-58-28,Mouse162_20161017_19-58-28,Undetermined,v1,annotator3,annotator5
annotator_multi5,0,1,0,1,0,0.0,,,,Undetermined/Mouse162_20161017_19-58-28,Mouse162_20161017_19-58-28,Undetermined,v1,annotator3,annotator5
0,10,23,9,14,1,0.391304347826087,0.9,0.5454545454545454,0.8570029084529952,Undetermined/Mouse162_20161017_19-58-28,Mouse162_20161017_19-58-28,Undetermined,v1,annotator3,annotator6
1,9,22,9,13,0,0.4090909090909091,1.0,0.5806451612903226,0.7875687955233205,Undetermined/Mouse162_20161017_19-58-28,Mouse162_20161017_19-58-28,Undetermined,v1,annotator3,annotator6
annotator_multi3,1,0,0,0,1,,0.0,,,Undetermined/Mouse162_20161017_19-58-28,Mouse162_20161017_19-58-28,Undetermined,v1,annotator3,annotator6
annotator_multi6,0,1,0,1,0,0.0,,,,Undetermined/Mouse162_20161017_19-58-28,Mouse162_20161017_19-58-28,Undetermined,v1,annotator3,annotator6
0,10,5,4,1,6,0.8,0.4,0.5333333333333333,0.8225171601843602,Undetermined/Mouse162_20161017_19-58-28,Mouse162_20161017_19-58-28,Undetermined,v1,annotator3,annotator7
1,9,4,2,2,7,0.5,0.2222222222222222,0.30769230769230765,0.8565217391304347,Undetermined/Mouse162_20161017_19-58-28,Mouse162_20161017_19-58-28,Undetermined,v1,annotator3,annotator7
annotator_multi3,1,0,0,0,1,,0.0,,,Undetermined/Mouse162_20161017_19-58-28,Mouse162_20161017_19-58-28,Undetermined,v1,annotator3,annotator7
annotator_multi7,0,1,0,1,0,0.0,,,,Undetermined/Mouse162_20161017_19-58-28,Mouse162_20161017_19-58-28,Undetermined,v1,annotator3,annotator7
0,10,12,10,2,0,0.8333333333333334,1.0,0.9090909090909091,0.8512046213449554,Undetermined/Mouse162_20161017_19-58-28,Mouse162_20161017_19-58-28,Undetermined,v1,annotator3,annotator8
1,9,11,4,7,5,0.36363636363636365,0.4444444444444444,0.39999999999999997,0.6263605259883815,Undetermined/Mouse162_20161017_19-58-28,Mouse162_20161017_19-58-28,Undetermined,v1,annotator3,annotator8
annotator_multi3,1,0,0,0,1,,0.0,,,Undetermined/Mouse162_20161017_19-58-28,Mouse162_20161017_19-58-28,Undetermined,v1,annotator3,annotator8
annotator_multi8,0,1,0,1,0,0.0,,,,Undetermined/Mouse162_20161017_19-58-28,Mouse162_20161017_19-58-28,Undetermined,v1,annotator3,annotator8
0,13,33,10,23,3,0.30303030303030304,0.7692307692307693,0.43478260869565216,0.8182003376961703,Undetermined/Mouse162_20161017_19-58-28,Mouse162_20161017_19-58-28,Undetermined,v1,annotator4,annotator5
1,12,32,7,25,5,0.21875,0.5833333333333334,0.31818181818181823,0.8307056508654254,Undetermined/Mouse162_20161017_19-58-28,Mouse162_20161017_19-58-28,Undetermined,v1,annotator4,annotator5
annotator_multi4,1,0,0,0,1,,0.0,,,Undetermined/Mouse162_20161017_19-58-28,Mouse162_20161017_19-58-28,Undetermined,v1,annotator4,annotator5
annotator_multi5,0,1,0,1,0,0.0,,,,Undetermined/Mouse162_20161017_19-58-28,Mouse162_20161017_19-58-28,Undetermined,v1,annotator4,annotator5
0,13,23,13,10,0,0.5652173913043478,1.0,0.7222222222222222,0.8438600513099674,Undetermined/Mouse162_20161017_19-58-28,Mouse162_20161017_19-58-28,Undetermined,v1,annotator4,annotator6
1,12,22,11,11,1,0.5,0.9166666666666666,0.6470588235294118,0.8418400482794421,Undetermined/Mouse162_20161017_19-58-28,Mouse162_20161017_19-58-28,Undetermined,v1,annotator4,annotator6
annotator_multi4,1,0,0,0,1,,0.0,,,Undetermined/Mouse162_20161017_19-58-28,Mouse162_20161017_19-58-28,Undetermined,v1,annotator4,annotator6
annotator_multi6,0,1,0,1,0,0.0,,,,Undetermined/Mouse162_20161017_19-58-28,Mouse162_20161017_19-58-28,Undetermined,v1,annotator4,annotator6
0,13,5,4,1,9,0.8,0.3076923076923077,0.4444444444444444,0.8678828902810093,Undetermined/Mouse162_20161017_19-58-28,Mouse162_20161017_19-58-28,Undetermined,v1,annotator4,annotator7
1,12,4,3,1,9,0.75,0.25,0.375,0.8216432672359725,Undetermined/Mouse162_20161017_19-58-28,Mouse162_20161017_19-58-28,Undetermined,v1,annotator4,annotator7
annotator_multi4,1,0,0,0,1,,0.0,,,Undetermined/Mouse162_20161017_19-58-28,Mouse162_20161017_19-58-28,Undetermined,v1,annotator4,annotator7
annotator_multi7,0,1,0,1,0,0.0,,,,Undetermined/Mouse162_20161017_19-58-28,Mouse162_20161017_19-58-28,Undetermined,v1,annotator4,annotator7
0,13,12,9,3,4,0.75,0.6923076923076923,0.7199999999999999,0.8668472048782928,Undetermined/Mouse162_20161017_19-58-28,Mouse162_20161017_19-58-28,Undetermined,v1,annotator4,annotator8
1,12,11,5,6,7,0.45454545454545453,0.4166666666666667,0.43478260869565216,0.6320655864018455,Undetermined/Mouse162_20161017_19-58-28,Mouse162_20161017_19-58-28,Undetermined,v1,annotator4,annotator8
annotator_multi4,1,0,0,0,1,,0.0,,,Undetermined/Mouse162_20161017_19-58-28,Mouse162_20161017_19-58-28,Undetermined,v1,annotator4,annotator8
annotator_multi8,0,1,0,1,0,0.0,,,,Undetermined/Mouse162_20161017_19-58-28,Mouse162_20161017_19-58-28,Undetermined,v1,annotator4,annotator8
0,33,23,16,7,17,0.6956521739130435,0.48484848484848486,0.5714285714285715,0.8332525179813037,Undetermined/Mouse162_20161017_19-58-28,Mouse162_20161017_19-58-28,Undetermined,v1,annotator5,annotator6
1,32,22,10,12,22,0.45454545454545453,0.3125,0.3703703703703703,0.7923692270082779,Undetermined/Mouse162_20161017_19-58-28,Mouse162_20161017_19-58-28,Undetermined,v1,annotator5,annotator6
annotator_multi5,1,0,0,0,1,,0.0,,,Undetermined/Mouse162_20161017_19-58-28,Mouse162_20161017_19-58-28,Undetermined,v1,annotator5,annotator6
annotator_multi6,0,1,0,1,0,0.0,,,,Undetermined/Mouse162_20161017_19-58-28,Mouse162_20161017_19-58-28,Undetermined,v1,annotator5,annotator6
0,33,5,3,2,30,0.6,0.09090909090909091,0.15789473684210525,0.7596024420127384,Undetermined/Mouse162_20161017_19-58-28,Mouse162_20161017_19-58-28,Undetermined,v1,annotator5,annotator7
1,32,4,2,2,30,0.5,0.0625,0.1111111111111111,0.9464653397391901,Undetermined/Mouse162_20161017_19-58-28,Mouse162_20161017_19-58-28,Undetermined,v1,annotator5,annotator7
annotator_multi5,1,0,0,0,1,,0.0,,,Undetermined/Mouse162_20161017_19-58-28,Mouse162_20161017_19-58-28,Undetermined,v1,annotator5,annotator7
annotator_multi7,0,1,0,1,0,0.0,,,,Undetermined/Mouse162_20161017_19-58-28,Mouse162_20161017_19-58-28,Undetermined,v1,annotator5,annotator7
0,33,12,9,3,24,0.75,0.2727272727272727,0.39999999999999997,0.7970871467131684,Undetermined/Mouse162_20161017_19-58-28,Mouse162_20161017_19-58-28,Undetermined,v1,annotator5,annotator8
1,32,11,1,10,31,0.09090909090909091,0.03125,0.046511627906976744,0.5283018867924528,Undetermined/Mouse162_20161017_19-58-28,Mouse162_20161017_19-58-28,Undetermined,v1,annotator5,annotator8
annotator_multi5,1,0,0,0,1,,0.0,,,Undetermined/Mouse162_20161017_19-58-28,Mouse162_20161017_19-58-28,Undetermined,v1,annotator5,annotator8
annotator_multi8,0,1,0,1,0,0.0,,,,Undetermined/Mouse162_20161017_19-58-28,Mouse162_20161017_19-58-28,Undetermined,v1,annotator5,annotator8
0,23,5,2,3,21,0.4,0.08695652173913043,0.14285714285714285,0.8169908544908545,Undetermined/Mouse162_20161017_19-58-28,Mouse162_20161017_19-58-28,Undetermined,v1,annotator6,annotator7
1,22,4,2,2,20,0.5,0.09090909090909091,0.15384615384615385,0.96875,Undetermined/Mouse162_20161017_19-58-28,Mouse162_20161017_19-58-28,Undetermined,v1,annotator6,annotator7
annotator_multi6,1,0,0,0,1,,0.0,,,Undetermined/Mouse162_20161017_19-58-28,Mouse162_20161017_19-58-28,Undetermined,v1,annotator6,annotator7
annotator_multi7,0,1,0,1,0,0.0,,,,Undetermined/Mouse162_20161017_19-58-28,Mouse162_20161017_19-58-28,Undetermined,v1,annotator6,annotator7
0,23,12,10,2,13,0.8333333333333334,0.43478260869565216,0.5714285714285714,0.7756669179459128,Undetermined/Mouse162_20161017_19-58-28,Mouse162_20161017_19-58-28,Undetermined,v1,annotator6,annotator8
1,22,11,3,8,19,0.2727272727272727,0.13636363636363635,0.1818181818181818,0.6379931878854829,Undetermined/Mouse162_20161017_19-58-28,Mouse162_20161017_19-58-28,Undetermined,v1,annotator6,annotator8
annotator_multi6,1,0,0,0,1,,0.0,,,Undetermined/Mouse162_20161017_19-58-28,Mouse162_20161017_19-58-28,Undetermined,v1,annotator6,annotator8
annotator_multi8,0,1,0,1,0,0.0,,,,Undetermined/Mouse162_20161017_19-58-28,Mouse162_20161017_19-58-28,Undetermined,v1,annotator6,annotator8
0,5,12,4,8,1,0.3333333333333333,0.8,0.47058823529411764,0.8526361810251954,Undetermined/Mouse162_20161017_19-58-28,Mouse162_20161017_19-58-28,Undetermined,v1,annotator7,annotator8
1,4,11,0,11,4,0.0,0.0,,,Undetermined/Mouse162_20161017_19-58-28,Mouse162_20161017_19-58-28,Undetermined,v1,annotator7,annotator8
annotator_multi7,1,0,0,0,1,,0.0,,,Undetermined/Mouse162_20161017_19-58-28,Mouse162_20161017_19-58-28,Undetermined,v1,annotator7,annotator8
annotator_multi8,0,1,0,1,0,0.0,,,,Undetermined/Mouse162_20161017_19-58-28,Mouse162_20161017_19-58-28,Undetermined,v1,annotator7,annotator8
